es-lm,cocktail.Needed,qué se necesita para hacer un {drink}
es-lm,cocktail.Needed,qué necesitas para hacer un {drink}
es-lm,cocktail.Needed,qué necesito para hacer un {drink}
es-lm,cocktail.Needed,qué hace falta para hacer un {drink}
es-lm,cocktail.Needed,cuál es el ingreditente para hacer un {drink}
es-lm,cocktail.Needed,cuál es el ingreditente de un {drink}
es-lm,cocktail.Needed,cuáles son los ingredientes para hacer un {drink}
es-lm,cocktail.Needed,cuáles son los ingredientes de un {drink}
es-lm,cocktail.Recipie,cómo harias para preparar una {drink}
es-lm,cocktail.Recipie,cómo harias para preparar un {drink}
es-lm,cocktail.Recipie,cómo harias para hacer una {drink}
es-lm,cocktail.Recipie,cómo harias para hacer un {drink}
es-lm,cocktail.Recipie,cómo haces para preparar una {drink}
es-lm,cocktail.Recipie,cómo haces para preparar un {drink}
es-lm,cocktail.Recipie,cómo haces para hacer una {drink}
es-lm,cocktail.Recipie,cómo haces para hacer un {drink}
es-lm,cocktail.Recipie,cómo haría para preparar una {drink}
es-lm,cocktail.Recipie,cómo haría para preparar un {drink}
es-lm,cocktail.Recipie,cómo haría para hacer una {drink}
es-lm,cocktail.Recipie,cómo haría para hacer un {drink}
es-lm,cocktail.Recipie,cómo hago para preparar una {drink}
es-lm,cocktail.Recipie,cómo hago para preparar un {drink}
es-lm,cocktail.Recipie,cómo hago para hacer una {drink}
es-lm,cocktail.Recipie,cómo hago para hacer un {drink}
es-lm,cocktail.Recipie,cuéntanos como preparar una {drink}
es-lm,cocktail.Recipie,cuéntanos como preparar un {drink}
es-lm,cocktail.Recipie,cuéntanos como hacer una {drink}
es-lm,cocktail.Recipie,cuéntanos como hacer un {drink}
es-lm,cocktail.Recipie,dinos como preparar una {drink}
es-lm,cocktail.Recipie,dinos como preparar un {drink}
es-lm,cocktail.Recipie,dinos como hacer una {drink}
es-lm,cocktail.Recipie,dinos como hacer un {drink}
es-lm,cocktail.Recipie,dime como preparar una {drink}
es-lm,cocktail.Recipie,dime como preparar un {drink}
es-lm,cocktail.Recipie,dime como hacer una {drink}
es-lm,cocktail.Recipie,dime como hacer un {drink}
es-lm,cocktail.Recipie,cuéntame como preparar una {drink}
es-lm,cocktail.Recipie,cuéntame como preparar un {drink}
es-lm,cocktail.Recipie,cuéntame como hacer una {drink}
es-lm,cocktail.Recipie,cuéntame como hacer un {drink}
es-lm,cocktail.Recipie,danos instrucciones para una {drink}
es-lm,cocktail.Recipie,danos instrucciones para un {drink}
es-lm,cocktail.Recipie,danos instrucciones para preparar una {drink}
es-lm,cocktail.Recipie,danos instrucciones para preparar un {drink}
es-lm,cocktail.Recipie,danos instrucciones para hacer una {drink}
es-lm,cocktail.Recipie,danos instrucciones para hacer un {drink}
es-lm,cocktail.Recipie,danos las instrucciones para una {drink}
es-lm,cocktail.Recipie,danos las instrucciones para un {drink}
es-lm,cocktail.Recipie,danos las instrucciones para preparar una {drink}
es-lm,cocktail.Recipie,danos las instrucciones para preparar un {drink}
es-lm,cocktail.Recipie,danos las instrucciones para hacer una {drink}
es-lm,cocktail.Recipie,danos las instrucciones para hacer un {drink}
es-lm,cocktail.Recipie,dinos instrucciones para una {drink}
es-lm,cocktail.Recipie,dinos instrucciones para un {drink}
es-lm,cocktail.Recipie,dinos instrucciones para preparar una {drink}
es-lm,cocktail.Recipie,dinos instrucciones para preparar un {drink}
es-lm,cocktail.Recipie,dinos instrucciones para hacer una {drink}
es-lm,cocktail.Recipie,dinos instrucciones para hacer un {drink}
es-lm,cocktail.Recipie,dinos las instrucciones para una {drink}
es-lm,cocktail.Recipie,dinos las instrucciones para un {drink}
es-lm,cocktail.Recipie,dinos las instrucciones para preparar una {drink}
es-lm,cocktail.Recipie,dinos las instrucciones para preparar un {drink}
es-lm,cocktail.Recipie,dinos las instrucciones para hacer una {drink}
es-lm,cocktail.Recipie,dinos las instrucciones para hacer un {drink}
es-lm,cocktail.Recipie,dame instrucciones para una {drink}
es-lm,cocktail.Recipie,dame instrucciones para un {drink}
es-lm,cocktail.Recipie,dame instrucciones para preparar una {drink}
es-lm,cocktail.Recipie,dame instrucciones para preparar un {drink}
es-lm,cocktail.Recipie,dame instrucciones para hacer una {drink}
es-lm,cocktail.Recipie,dame instrucciones para hacer un {drink}
es-lm,cocktail.Recipie,dame las instrucciones para una {drink}
es-lm,cocktail.Recipie,dame las instrucciones para un {drink}
es-lm,cocktail.Recipie,dame las instrucciones para preparar una {drink}
es-lm,cocktail.Recipie,dame las instrucciones para preparar un {drink}
es-lm,cocktail.Recipie,dame las instrucciones para hacer una {drink}
es-lm,cocktail.Recipie,dame las instrucciones para hacer un {drink}
es-lm,cocktail.Recipie,cómo mezclar una {drink}
es-lm,cocktail.Recipie,cómo mezclar un {drink}
es-lm,cocktail.Recipie,cómo preparar una {drink}
es-lm,cocktail.Recipie,cómo preparar un {drink}
es-lm,cocktail.Recipie,cómo hacer una {drink}
es-lm,cocktail.Recipie,cómo hacer un {drink}
es-lm,cocktail.Recipie,cuál es la receta para una {drink}
es-lm,cocktail.Recipie,cuál es la receta para un {drink}
es-lm,cocktail.Recipie,cuál es la receta de una {drink}
es-lm,cocktail.Recipie,cuál es la receta de un {drink}
es-lm,email-skill.check.email,comprueba mi correo electrónico .
es-lm,email-skill.check.email,comprueba mi email .
es-lm,email-skill.check.email,Revisa mi correo
es-lm,email-skill.check.email,¿tengo algún correo nuevo?
es-lm,email-skill.check.email,¿tengo algún correo electrónico ?
es-lm,email-skill.check.email,¿tengo algún correo ?
es-lm,email-skill.check.email,¿tengo algún email ?
es-lm,email-skill.check.email,¿tengo algún correo electrónico nuevo?
es-lm,email-skill.check.email,¿tengo algún correo nuevo?
es-lm,email-skill.check.email,¿tengo algún email nuevo?
es-lm,email-skill.enquire.email,¿Tengo un correo electrónico de {email}?
es-lm,email-skill.enquire.email,¿Recibí correo electrónico de de {email}?
es-lm,email-skill.enquire.email,¿Recibí correo electrónico por de {email}?
es-lm,email-skill.enquire.email,¿Recibí cualquier correo electrónico de de {email}?
es-lm,email-skill.enquire.email,¿Recibí cualquier correo electrónico por de {email}?
es-lm,email-skill.enquire.email,¿He Recibido correos electrónicos de {email}?
es-lm,email-skill.notify,Dime si hay email
es-lm,email-skill.notify,Dime si hay nuevo correo
es-lm,email-skill.notify,Dime si hay correo electrónico
es-lm,email-skill.notify,Dime si hay correo
es-lm,email-skill.notify,Dime cuando tenga email
es-lm,email-skill.notify,Dime cuando tenga nuevo correo
es-lm,email-skill.notify,Dime cuando tenga correo electrónico
es-lm,email-skill.notify,Dime cuando tenga correo
es-lm,email-skill.notify,Dime cuando tenga email por {sender}
es-lm,email-skill.notify,Dime cuando tenga email de {sender}
es-lm,email-skill.notify,Dime cuando tenga un correo electrónico por {sender}
es-lm,email-skill.notify,Dime cuando tenga un correo electrónico de {sender}
es-lm,email-skill.notify,Dime cuando tenga un correo por {sender}
es-lm,email-skill.notify,Dime cuando tenga un correo de {sender}
es-lm,email-skill.notify,Dime de email por {sender}
es-lm,email-skill.notify,Dime de email de {sender}
es-lm,email-skill.notify,Dime de correo por {sender}
es-lm,email-skill.notify,Dime de correo de {sender}
es-lm,email-skill.notify,Notifícame de nuevo email
es-lm,email-skill.notify,Notifícame de nuevo correo
es-lm,email-skill.notify,Notifícame de email
es-lm,email-skill.notify,Notifícame de correo
es-lm,email-skill.notify,avísame cuando tenga email procedente de {sender}
es-lm,email-skill.notify,avísame cuando tenga email de {sender}
es-lm,email-skill.notify,avísame cuando tenga nuevo correo procedente de {sender}
es-lm,email-skill.notify,avísame cuando tenga nuevo correo de {sender}
es-lm,email-skill.notify,avísame cuando tenga correo electrónico procedente de {sender}
es-lm,email-skill.notify,avísame cuando tenga correo electrónico de {sender}
es-lm,email-skill.notify,avísame cuando tenga correo procedente de {sender}
es-lm,email-skill.notify,avísame cuando tenga correo de {sender}
es-lm,email-skill.notify,avísame cuando tenga un email procedente de {sender}
es-lm,email-skill.notify,avísame cuando tenga un email de {sender}
es-lm,email-skill.notify,avísame cuando tenga un nuevo correo procedente de {sender}
es-lm,email-skill.notify,avísame cuando tenga un nuevo correo de {sender}
es-lm,email-skill.notify,avísame cuando tenga un correo electrónico procedente de {sender}
es-lm,email-skill.notify,avísame cuando tenga un correo electrónico de {sender}
es-lm,email-skill.notify,avísame cuando tenga un correo procedente de {sender}
es-lm,email-skill.notify,avísame cuando tenga un correo de {sender}
es-lm,email-skill.notify,avísame cuando tenga email
es-lm,email-skill.notify,avísame cuando tenga nuevo correo
es-lm,email-skill.notify,avísame cuando tenga correo electrónico
es-lm,email-skill.notify,avísame cuando tenga correo
es-lm,email-skill.notify,avísame cuando tenga un email
es-lm,email-skill.notify,avísame cuando tenga un nuevo correo
es-lm,email-skill.notify,avísame cuando tenga un correo electrónico
es-lm,email-skill.notify,avísame cuando tenga un correo
es-lm,email-skill.notify,avísame cuando tenga email procedente de {sender}
es-lm,email-skill.notify,avísame cuando tenga email de {sender}
es-lm,email-skill.notify,avísame cuando tenga correo electrónico procedente de {sender}
es-lm,email-skill.notify,avísame cuando tenga correo electrónico de {sender}
es-lm,email-skill.notify,avísame cuando tenga correo procedente de {sender}
es-lm,email-skill.notify,avísame cuando tenga correo de {sender}
es-lm,email-skill.notify,avísame cuando tenga un email procedente de {sender}
es-lm,email-skill.notify,avísame cuando tenga un email de {sender}
es-lm,email-skill.notify,avísame cuando tenga un correo electrónico procedente de {sender}
es-lm,email-skill.notify,avísame cuando tenga un correo electrónico de {sender}
es-lm,email-skill.notify,avísame cuando tenga un correo procedente de {sender}
es-lm,email-skill.notify,avísame cuando tenga un correo de {sender}
es-lm,email-skill.stop,No me notifiques de nuevo email
es-lm,email-skill.stop,No me notifiques de nuevo correo
es-lm,email-skill.stop,No me notifiques de email
es-lm,email-skill.stop,No me notifiques de correo
es-lm,email-skill.stop,No me avises de email procedente de {sender}
es-lm,email-skill.stop,No me avises de email de {sender}
es-lm,email-skill.stop,No me avises de nuevo correo procedente de {sender}
es-lm,email-skill.stop,No me avises de nuevo correo de {sender}
es-lm,email-skill.stop,No me avises de correo electrónico procedente de {sender}
es-lm,email-skill.stop,No me avises de correo electrónico de {sender}
es-lm,email-skill.stop,No me avises de correo procedente de {sender}
es-lm,email-skill.stop,No me avises de correo de {sender}
es-lm,email-skill.stop,No me notifiques de nuevo de nuevo email
es-lm,email-skill.stop,No me notifiques de nuevo de nuevo correo
es-lm,email-skill.stop,No me notifiques de nuevo de email
es-lm,email-skill.stop,No me notifiques de nuevo de correo
es-lm,email-skill.stop,No me notifiques de nuevo email procedente de {sender}
es-lm,email-skill.stop,No me notifiques de nuevo email de {sender}
es-lm,email-skill.stop,No me notifiques de nuevo nuevo correo procedente de {sender}
es-lm,email-skill.stop,No me notifiques de nuevo nuevo correo de {sender}
es-lm,email-skill.stop,No me notifiques de nuevo correo electrónico procedente de {sender}
es-lm,email-skill.stop,No me notifiques de nuevo correo electrónico de {sender}
es-lm,email-skill.stop,No me notifiques de nuevo correo procedente de {sender}
es-lm,email-skill.stop,No me notifiques de nuevo correo de {sender}
es-lm,email-skill.stop,No me avises de nuevo email
es-lm,email-skill.stop,No me avises de nuevo correo
es-lm,email-skill.stop,No me avises de email
es-lm,email-skill.stop,No me avises de correo
es-lm,email-skill.stop,No me avises de email procedente de {sender}
es-lm,email-skill.stop,No me avises de email de {sender}
es-lm,email-skill.stop,No me avises de nuevo correo procedente de {sender}
es-lm,email-skill.stop,No me avises de nuevo correo de {sender}
es-lm,email-skill.stop,No me avises de correo electrónico procedente de {sender}
es-lm,email-skill.stop,No me avises de correo electrónico de {sender}
es-lm,email-skill.stop,No me avises de correo procedente de {sender}
es-lm,email-skill.stop,No me avises de correo de {sender}
es-lm,email-skill.stop,No me notifiques de nuevo de nuevo email
es-lm,email-skill.stop,No me notifiques de nuevo de nuevo correo
es-lm,email-skill.stop,No me notifiques de nuevo de email
es-lm,email-skill.stop,No me notifiques de nuevo de correo
es-lm,email-skill.stop,No vuelvas a notificarme de email procedente de {sender}
es-lm,email-skill.stop,No vuelvas a notificarme de email de {sender}
es-lm,email-skill.stop,No vuelvas a notificarme de nuevo correo procedente de {sender}
es-lm,email-skill.stop,No vuelvas a notificarme de nuevo correo de {sender}
es-lm,email-skill.stop,No vuelvas a notificarme de correo electrónico procedente de {sender}
es-lm,email-skill.stop,No vuelvas a notificarme de correo electrónico de {sender}
es-lm,email-skill.stop,No vuelvas a notificarme de correo procedente de {sender}
es-lm,email-skill.stop,No vuelvas a notificarme de correo de {sender}
es-lm,email-skill.stop,No vuelvas a notificarme de un email procedente de {sender}
es-lm,email-skill.stop,No vuelvas a notificarme de un email de {sender}
es-lm,email-skill.stop,No vuelvas a notificarme de un nuevo correo procedente de {sender}
es-lm,email-skill.stop,No vuelvas a notificarme de un nuevo correo de {sender}
es-lm,email-skill.stop,No vuelvas a notificarme de un correo electrónico procedente de {sender}
es-lm,email-skill.stop,No vuelvas a notificarme de un correo electrónico de {sender}
es-lm,email-skill.stop,No vuelvas a notificarme de un correo procedente de {sender}
es-lm,email-skill.stop,No vuelvas a notificarme de un correo de {sender}
es-lm,emby-skill.diagnostic,comprobando emily conexión
es-lm,emby-skill.diagnostic,comprobando nv conexión
es-lm,emby-skill.diagnostic,comprobando mv conexión
es-lm,emby-skill.diagnostic,comprobando mb conexión
es-lm,emby-skill.diagnostic,comprobando emby conexión
es-lm,emby-skill.diagnostic,Ejecutar diagnóstico de emily
es-lm,emby-skill.diagnostic,Ejecutar diagnóstico de nv
es-lm,emby-skill.diagnostic,Ejecutar diagnóstico de mv
es-lm,emby-skill.diagnostic,Ejecutar diagnóstico de mb
es-lm,emby-skill.diagnostic,Ejecutar diagnóstico de emby
es-lm,emby-skill.diagnostic,comprobar emily
es-lm,emby-skill.diagnostic,comprobar nv
es-lm,emby-skill.diagnostic,comprobar mv
es-lm,emby-skill.diagnostic,comprobar mb
es-lm,emby-skill.diagnostic,comprobar emby
es-lm,emby-skill.emby,Reproduce {media} en emby
es-lm,emby-skill.emby,reproduce {media} en emby
es-lm,emby-skill.emby,Pon {artist} desde emby
es-lm,emby-skill.emby,Pon {artist} de emby
es-lm,emby-skill.emby,Pon {artist} por emby
es-lm,emby-skill.emby,Pon {artist} en emby
es-lm,emby-skill.emby,Pon el artista {artist} desde emby
es-lm,emby-skill.emby,Pon el artista {artist} de emby
es-lm,emby-skill.emby,Pon el artista {artist} por emby
es-lm,emby-skill.emby,Pon el artista {artist} en emby
es-lm,emby-skill.emby,Pon a {artist} desde emby
es-lm,emby-skill.emby,Pon a {artist} de emby
es-lm,emby-skill.emby,Pon a {artist} por emby
es-lm,emby-skill.emby,Pon a {artist} en emby
es-lm,emby-skill.emby,Pon {artist} desde mb
es-lm,emby-skill.emby,Pon {artist} de mb
es-lm,emby-skill.emby,Pon {artist} por mb
es-lm,emby-skill.emby,Pon {artist} en mb
es-lm,emby-skill.emby,Pon el artista {artist} desde mb
es-lm,emby-skill.emby,Pon el artista {artist} de mb
es-lm,emby-skill.emby,Pon el artista {artist} por mb
es-lm,emby-skill.emby,Pon el artista {artist} en mb
es-lm,emby-skill.emby,Pon a {artist} desde mb
es-lm,emby-skill.emby,Pon a {artist} de mb
es-lm,emby-skill.emby,Pon a {artist} por mb
es-lm,emby-skill.emby,Pon a {artist} en mb
es-lm,emby-skill.emby,Pon el album {album} desde emby
es-lm,emby-skill.emby,Pon el album {album} por emby
es-lm,emby-skill.emby,Pon el album {album} en emby
es-lm,emby-skill.emby,Pon {album} desde emby
es-lm,emby-skill.emby,Pon {album} por emby
es-lm,emby-skill.emby,Pon {album} en emby
es-lm,emby-skill.emby,Pon el album {album} desde mb
es-lm,emby-skill.emby,Pon el album {album} de mb
es-lm,emby-skill.emby,Pon el album {album} por mb
es-lm,emby-skill.emby,Pon el album {album} en mb
es-lm,emby-skill.emby,Pon {album} desde mb
es-lm,emby-skill.emby,Pon {album} de mb
es-lm,emby-skill.emby,Pon {album} por mb
es-lm,emby-skill.emby,Pon {album} en mb