ca-es,cocktail.Needed,què és necessari per a fer una {drink}
ca-es,cocktail.Needed,què és necessari per a fer un {drink}
ca-es,cocktail.Needed,què és necessari per fer una {drink}
ca-es,cocktail.Needed,què és necessari per fer un {drink}
ca-es,cocktail.Needed,què cal per a fer una {drink}
ca-es,cocktail.Needed,què cal per a fer un {drink}
ca-es,cocktail.Needed,què cal per fer una {drink}
ca-es,cocktail.Needed,què cal per fer un {drink}
ca-es,cocktail.Needed,què es necessita per a fer una {drink}
ca-es,cocktail.Needed,què es necessita per a fer un {drink}
ca-es,cocktail.Needed,què es necessita per fer una {drink}
ca-es,cocktail.Needed,què es necessita per fer un {drink}
ca-es,cocktail.Needed,què ens cal per a fer una {drink}
ca-es,cocktail.Needed,què ens cal per a fer un {drink}
ca-es,cocktail.Needed,què ens cal per a una {drink}
ca-es,cocktail.Needed,què ens cal per a un {drink}
ca-es,cocktail.Needed,què ens cal per una {drink}
ca-es,cocktail.Needed,què ens cal per un {drink}
ca-es,cocktail.Needed,què ens cal per fer una {drink}
ca-es,cocktail.Needed,què ens cal per fer un {drink}
ca-es,cocktail.Needed,què et cal per a fer una {drink}
ca-es,cocktail.Needed,què et cal per a fer un {drink}
ca-es,cocktail.Needed,què et cal per a una {drink}
ca-es,cocktail.Needed,què et cal per a un {drink}
ca-es,cocktail.Needed,què et cal per una {drink}
ca-es,cocktail.Needed,què et cal per un {drink}
ca-es,cocktail.Needed,què et cal per fer una {drink}
ca-es,cocktail.Needed,què et cal per fer un {drink}
ca-es,cocktail.Needed,què em cal per a fer una {drink}
ca-es,cocktail.Needed,què em cal per a fer un {drink}
ca-es,cocktail.Needed,què em cal per a una {drink}
ca-es,cocktail.Needed,què em cal per a un {drink}
ca-es,cocktail.Needed,què em cal per una {drink}
ca-es,cocktail.Needed,què em cal per un {drink}
ca-es,cocktail.Needed,què em cal per fer una {drink}
ca-es,cocktail.Needed,què em cal per fer un {drink}
ca-es,cocktail.Needed,què necessitem per a fer una {drink}
ca-es,cocktail.Needed,què necessitem per a fer un {drink}
ca-es,cocktail.Needed,què necessitem per a una {drink}
ca-es,cocktail.Needed,què necessitem per a un {drink}
ca-es,cocktail.Needed,què necessitem per una {drink}
ca-es,cocktail.Needed,què necessitem per un {drink}
ca-es,cocktail.Needed,què necessitem per fer una {drink}
ca-es,cocktail.Needed,què necessitem per fer un {drink}
ca-es,cocktail.Needed,què necessites per a fer una {drink}
ca-es,cocktail.Needed,què necessites per a fer un {drink}
ca-es,cocktail.Needed,què necessites per a una {drink}
ca-es,cocktail.Needed,què necessites per a un {drink}
ca-es,cocktail.Needed,què necessites per una {drink}
ca-es,cocktail.Needed,què necessites per un {drink}
ca-es,cocktail.Needed,què necessites per fer una {drink}
ca-es,cocktail.Needed,què necessites per fer un {drink}
ca-es,cocktail.Needed,què necessito per a fer una {drink}
ca-es,cocktail.Needed,què necessito per a fer un {drink}
ca-es,cocktail.Needed,què necessito per a una {drink}
ca-es,cocktail.Needed,què necessito per a un {drink}
ca-es,cocktail.Needed,què necessito per una {drink}
ca-es,cocktail.Needed,què necessito per un {drink}
ca-es,cocktail.Needed,què necessito per fer una {drink}
ca-es,cocktail.Needed,què necessito per fer un {drink}
ca-es,cocktail.Needed,quins són els ingredients per a fer una {drink}
ca-es,cocktail.Needed,quins són els ingredients per a fer un {drink}
ca-es,cocktail.Needed,quins són els ingredients per fer una {drink}
ca-es,cocktail.Needed,quins són els ingredients per fer un {drink}
ca-es,cocktail.Needed,quins són els ingredients d' una {drink}
ca-es,cocktail.Needed,quins són els ingredients d' un {drink}
ca-es,cocktail.Needed,quin és l'ingredient per a fer una {drink}
ca-es,cocktail.Needed,quin és l'ingredient per a fer un {drink}
ca-es,cocktail.Needed,quin és l'ingredient per fer una {drink}
ca-es,cocktail.Needed,quin és l'ingredient per fer un {drink}
ca-es,cocktail.Needed,quin és l'ingredient d' una {drink}
ca-es,cocktail.Needed,quin és l'ingredient d' un {drink}
ca-es,cocktail.Recipie,com es barreja una {drink}
ca-es,cocktail.Recipie,com es barreja un {drink}
ca-es,cocktail.Recipie,com es barrejaria una {drink}
ca-es,cocktail.Recipie,com es barrejaria un {drink}
ca-es,cocktail.Recipie,digues- nos com preparar una {drink}
ca-es,cocktail.Recipie,digues- nos com preparar un {drink}
ca-es,cocktail.Recipie,digues- nos com barrejar una {drink}
ca-es,cocktail.Recipie,digues- nos com barrejar un {drink}
ca-es,cocktail.Recipie,digues- nos com fer una {drink}
ca-es,cocktail.Recipie,digues- nos com fer un {drink}
ca-es,cocktail.Recipie,digues- me com preparar una {drink}
ca-es,cocktail.Recipie,digues- me com preparar un {drink}
ca-es,cocktail.Recipie,digues- me com barrejar una {drink}
ca-es,cocktail.Recipie,digues- me com barrejar un {drink}
ca-es,cocktail.Recipie,digues- me com fer una {drink}
ca-es,cocktail.Recipie,digues- me com fer un {drink}
ca-es,cocktail.Recipie,dona 'ns instruccions per una {drink}
ca-es,cocktail.Recipie,dona 'ns instruccions per un {drink}
ca-es,cocktail.Recipie,dona 'm instruccions per una {drink}
ca-es,cocktail.Recipie,dona 'm instruccions per un {drink}
ca-es,cocktail.Recipie,com barrejar una {drink}
ca-es,cocktail.Recipie,com barrejar un {drink}
ca-es,cocktail.Recipie,com fer una {drink}
ca-es,cocktail.Recipie,com fer un {drink}
ca-es,cocktail.Recipie,qual és la recepta de una {drink}
ca-es,cocktail.Recipie,qual és la recepta de un {drink}
ca-es,ddg.birthdate,quan va néixer {person}
ca-es,ddg.birthdate,quan va nàixer {person}
ca-es,ddg.birthdate,quin és l'aniversari d' {person}
ca-es,ddg.birthdate,quin és l'aniversari de {person}
ca-es,ddg.birthdate,quan és l'aniversari d' {person}
ca-es,ddg.birthdate,quan és l'aniversari de {person}
ca-es,ddg.birthdate,quina és la data de naixement d' {person}
ca-es,ddg.birthdate,quina és la data de naixement de {person}
ca-es,ddg.search_duck,demana a l'ànec {query}
ca-es,ddg.search_duck,demana a de de ge {query}
ca-es,ddg.search_duck,demana a ddg {query}
ca-es,ddg.search_duck,demana a duck duck go {query}
ca-es,ddg.search_duck,consulta a l'ànec {query}
ca-es,ddg.search_duck,consulta a de de ge {query}
ca-es,ddg.search_duck,consulta a ddg {query}
ca-es,ddg.search_duck,consulta a duck duck go {query}
ca-es,ddg.search_duck,busca a l'ànec {query}
ca-es,ddg.search_duck,busca a de de ge {query}
ca-es,ddg.search_duck,busca a ddg {query}
ca-es,ddg.search_duck,busca a duck duck go {query}
ca-es,ddg.search_duck,cerca a l'ànec {query}
ca-es,ddg.search_duck,cerca a de de ge {query}
ca-es,ddg.search_duck,cerca a ddg {query}
ca-es,ddg.search_duck,cerca a duck duck go {query}
ca-es,ddg.search_duck,demana {query} a l'ànec
ca-es,ddg.search_duck,demana {query} a de de ge
ca-es,ddg.search_duck,demana {query} a ddg
ca-es,ddg.search_duck,demana {query} a duck duck go
ca-es,ddg.search_duck,consulta {query} a l'ànec
ca-es,ddg.search_duck,consulta {query} a de de ge
ca-es,ddg.search_duck,consulta {query} a ddg
ca-es,ddg.search_duck,consulta {query} a duck duck go
ca-es,ddg.search_duck,busca {query} a l'ànec
ca-es,ddg.search_duck,busca {query} a de de ge
ca-es,ddg.search_duck,busca {query} a ddg
ca-es,ddg.search_duck,busca {query} a duck duck go
ca-es,ddg.search_duck,cerca {query} a l'ànec
ca-es,ddg.search_duck,cerca {query} a de de ge
ca-es,ddg.search_duck,cerca {query} a ddg
ca-es,ddg.search_duck,cerca {query} a duck duck go
ca-es,ddg.search_duck,demanar a l'ànec {query}
ca-es,ddg.search_duck,demanar a de de ge {query}
ca-es,ddg.search_duck,demanar a ddg {query}
ca-es,ddg.search_duck,demanar a duck duck go {query}
ca-es,ddg.search_duck,consultar a l'ànec {query}
ca-es,ddg.search_duck,consultar a de de ge {query}
ca-es,ddg.search_duck,consultar a ddg {query}
ca-es,ddg.search_duck,consultar a duck duck go {query}
ca-es,ddg.search_duck,buscar a l'ànec {query}
ca-es,ddg.search_duck,buscar a de de ge {query}
ca-es,ddg.search_duck,buscar a ddg {query}
ca-es,ddg.search_duck,buscar a duck duck go {query}
ca-es,ddg.search_duck,cercar a l'ànec {query}
ca-es,ddg.search_duck,cercar a de de ge {query}
ca-es,ddg.search_duck,cercar a ddg {query}
ca-es,ddg.search_duck,cercar a duck duck go {query}
ca-es,ddg.search_duck,demanar {query} a l'ànec
ca-es,ddg.search_duck,demanar {query} a de de ge
ca-es,ddg.search_duck,demanar {query} a ddg
ca-es,ddg.search_duck,demanar {query} a duck duck go
ca-es,ddg.search_duck,consultar {query} a l'ànec
ca-es,ddg.search_duck,consultar {query} a de de ge
ca-es,ddg.search_duck,consultar {query} a ddg
ca-es,ddg.search_duck,consultar {query} a duck duck go
ca-es,ddg.search_duck,buscar {query} a l'ànec
ca-es,ddg.search_duck,buscar {query} a de de ge
ca-es,ddg.search_duck,buscar {query} a ddg
ca-es,ddg.search_duck,buscar {query} a duck duck go
ca-es,ddg.search_duck,cercar {query} a l'ànec
ca-es,ddg.search_duck,cercar {query} a de de ge
ca-es,ddg.search_duck,cercar {query} a ddg
ca-es,ddg.search_duck,cercar {query} a duck duck go
ca-es,ddg.search_duck,què diu l'ànec de {query}
ca-es,ddg.search_duck,què diu l'ànec sobre {query}
ca-es,ddg.search_duck,què diu de de ge de {query}
ca-es,ddg.search_duck,què diu de de ge sobre {query}
ca-es,ddg.search_duck,què diu ddg de {query}
ca-es,ddg.search_duck,què diu ddg sobre {query}
ca-es,ddg.search_duck,què diu duck duck go de {query}
ca-es,ddg.search_duck,què diu duck duck go sobre {query}
ca-es,ddg.search_duck,què posa a l'ànec de {query}
ca-es,ddg.search_duck,què posa a l'ànec sobre {query}
ca-es,ddg.search_duck,què posa a de de ge de {query}
ca-es,ddg.search_duck,què posa a de de ge sobre {query}
ca-es,ddg.search_duck,què posa a ddg de {query}
ca-es,ddg.search_duck,què posa a ddg sobre {query}
ca-es,ddg.search_duck,què posa a duck duck go de {query}
ca-es,ddg.search_duck,què posa a duck duck go sobre {query}
ca-es,ddg.who,qui és {person}
ca-es,email-skill.check.email,revisa el correu electronic
ca-es,email-skill.check.email,comprova el meu correu
ca-es,email-skill.check.email,tinc algun correu nou
ca-es,email-skill.check.email,tinc cap correu
ca-es,email-skill.check.email,tinc cap correu electronic nou
ca-es,email-skill.enquire.email,Tinc un correu de {email}
ca-es,email-skill.enquire.email,He rebut correu de {email}
ca-es,email-skill.enquire.email,He rebut qualsevol correu de {email}
ca-es,email-skill.enquire.email,He rebut correus de {email}
ca-es,email-skill.notify,digues-me si tinc correu electrònic
ca-es,email-skill.notify,digues-me si tinc nou correu
ca-es,email-skill.notify,digues-me si tinc correu electrònic
ca-es,email-skill.notify,digues-me si tinc correu
ca-es,email-skill.notify,digues-me quan tingui correu electrònic
ca-es,email-skill.notify,digues-me quan tingui nou correu
ca-es,email-skill.notify,digues-me quan tingui correu electrònic
ca-es,email-skill.notify,digues-me quan tingui correu
ca-es,email-skill.notify,digues-me quan rebi un correu electrònic ( de ) {sender}
ca-es,email-skill.notify,digues-me quan rebi un correu electrònic ( de ) {sender}
ca-es,email-skill.notify,digues-me quan rebi un correu ( de ) {sender}
ca-es,email-skill.notify,avisa'm de correu electrònic ( de ) {sender}
ca-es,email-skill.notify,avisa'm de correu ( de ) {sender}
ca-es,email-skill.notify,notifica'm de correu electrònic nou
ca-es,email-skill.notify,notifica'm de correu nou
ca-es,email-skill.notify,notifica'm de correu electrònic
ca-es,email-skill.notify,notifica'm de correu
ca-es,email-skill.notify,notifica'm de correu electrònic nou ( de ) {sender}
ca-es,email-skill.notify,notifica'm de correu nou ( de ) {sender}
ca-es,email-skill.notify,notifica'm de correu electrònic ( de ) {sender}
ca-es,email-skill.notify,notifica'm de correu ( de ) {sender}
ca-es,email-skill.notify,notifica'm quan rebi correu electrònic nou
ca-es,email-skill.notify,notifica'm quan rebi correu nou
ca-es,email-skill.notify,notifica'm quan rebi correu electrònic
ca-es,email-skill.notify,notifica'm quan rebi correu
ca-es,email-skill.notify,notifica'm quan rebi correu electrònic ( de ) {sender}
ca-es,email-skill.notify,notifica'm quan rebi un correu electrònic ( de ) {sender}
ca-es,email-skill.notify,notifica'm quan rebi un correu ( de ) {sender}
ca-es,email-skill.stop,no em notifiquis si tinc correu electrònic nou
ca-es,email-skill.stop,no em notifiquis si tinc correu nou
ca-es,email-skill.stop,no em notifiquis si tinc correu electrònic
ca-es,email-skill.stop,no em notifiquis si tinc correu
ca-es,email-skill.stop,no em notifiquis si tinc correu electrònic nou ( de ) {sender}
ca-es,email-skill.stop,no em notifiquis si tinc correu nou ( de ) {sender}
ca-es,email-skill.stop,no em notifiquis si tinc correu electrònic ( de ) {sender}
ca-es,email-skill.stop,no em notifiquis si tinc correu ( de ) {sender}
ca-es,email-skill.stop,no em notifiquis més si tinc correu electrònic nou
ca-es,email-skill.stop,no em notifiquis més si tinc correu nou
ca-es,email-skill.stop,no em notifiquis més si tinc correu electrònic
ca-es,email-skill.stop,no em notifiquis més si tinc correu
ca-es,email-skill.stop,no em notifiquis més si tinc correu electrònic nou ( de ) {sender}
ca-es,email-skill.stop,no em notifiquis més si tinc correu nou ( de ) {sender}
ca-es,email-skill.stop,no em notifiquis més si tinc correu electrònic ( de ) {sender}
ca-es,email-skill.stop,no em notifiquis més si tinc correu ( de ) {sender}
ca-es,email-skill.stop,no m'avisis si tinc correu electrònic nou
ca-es,email-skill.stop,no m'avisis si tinc correu nou
ca-es,email-skill.stop,no m'avisis si tinc correu electrònic
ca-es,email-skill.stop,no m'avisis si tinc correu
ca-es,email-skill.stop,no m'avisis si tinc correu electrònic nou ( de ) {sender}
ca-es,email-skill.stop,no m'avisis si tinc correu nou ( de ) {sender}
ca-es,email-skill.stop,no m'avisis si tinc correu electrònic ( de ) {sender}
ca-es,email-skill.stop,no m'avisis si tinc correu ( de ) {sender}
ca-es,email-skill.stop,no m'avisis més si tinc correu electrònic nou
ca-es,email-skill.stop,no m'avisis més si tinc correu nou
ca-es,email-skill.stop,no m'avisis més si tinc correu electrònic
ca-es,email-skill.stop,no m'avisis més si tinc correu
ca-es,email-skill.stop,no m'avisis més si tinc correu electrònic nou ( de ) {sender}
ca-es,email-skill.stop,no m'avisis més si tinc correu nou ( de ) {sender}
ca-es,email-skill.stop,no m'avisis més si tinc correu electrònic ( de ) {sender}
ca-es,email-skill.stop,no m'avisis més si tinc correu ( de ) {sender}
ca-es,emby-skill.diagnostic,comprovant la connexió emily
ca-es,emby-skill.diagnostic,comprovant la connexió nv
ca-es,emby-skill.diagnostic,comprovant la connexió mv
ca-es,emby-skill.diagnostic,comprovant la connexió mb
ca-es,emby-skill.diagnostic,comprovant la connexió emby
ca-es,emby-skill.diagnostic,Executa el diagnòstic emily
ca-es,emby-skill.diagnostic,Executa el diagnòstic nv
ca-es,emby-skill.diagnostic,Executa el diagnòstic mv
ca-es,emby-skill.diagnostic,Executa el diagnòstic mb
ca-es,emby-skill.diagnostic,Executa el diagnòstic emby
ca-es,emby-skill.diagnostic,comprova emily
ca-es,emby-skill.diagnostic,comprova nv
ca-es,emby-skill.diagnostic,comprova mv
ca-es,emby-skill.diagnostic,comprova mb
ca-es,emby-skill.diagnostic,comprova emby
ca-es,emby-skill.emby,reprodueix {media} des d'emby
ca-es,emby-skill.emby,reprodueix {media} des de mb
ca-es,emby-skill.emby,Posa l'artista {artist} a l'emby
ca-es,emby-skill.emby,posa l'artista {artist} a mb
ca-es,emby-skill.emby,posa l'album {album} a l'emby
ca-es,emby-skill.emby,posa l'album {album} a mb
ca-es,icanhazdadjokes.joke,explica 'm una broma
ca-es,icanhazdadjokes.joke,explica 'm alguna broma
ca-es,icanhazdadjokes.joke,digue 'm una broma
ca-es,icanhazdadjokes.joke,digue 'm alguna broma
ca-es,icanhazdadjokes.joke,diga 'm una broma
ca-es,icanhazdadjokes.joke,diga 'm alguna broma
ca-es,icanhazdadjokes.joke,conta 'm una broma
ca-es,icanhazdadjokes.joke,conta 'm alguna broma
ca-es,icanhazdadjokes.joke,explica una broma
ca-es,icanhazdadjokes.joke,explica alguna broma
ca-es,icanhazdadjokes.joke,digue una broma
ca-es,icanhazdadjokes.joke,digue alguna broma
ca-es,icanhazdadjokes.joke,diga una broma
ca-es,icanhazdadjokes.joke,diga alguna broma
ca-es,icanhazdadjokes.joke,conta una broma
ca-es,icanhazdadjokes.joke,conta alguna broma
ca-es,icanhazdadjokes.joke,explica 'm un acudit
ca-es,icanhazdadjokes.joke,explica 'm algun acudit
ca-es,icanhazdadjokes.joke,digue 'm un acudit
ca-es,icanhazdadjokes.joke,digue 'm algun acudit
ca-es,icanhazdadjokes.joke,diga 'm un acudit
ca-es,icanhazdadjokes.joke,diga 'm algun acudit
ca-es,icanhazdadjokes.joke,conta 'm un acudit
ca-es,icanhazdadjokes.joke,conta 'm algun acudit
ca-es,icanhazdadjokes.joke,explica un acudit
ca-es,icanhazdadjokes.joke,explica algun acudit
ca-es,icanhazdadjokes.joke,digue un acudit
ca-es,icanhazdadjokes.joke,digue algun acudit
ca-es,icanhazdadjokes.joke,diga un acudit
ca-es,icanhazdadjokes.joke,diga algun acudit
ca-es,icanhazdadjokes.joke,conta un acudit
ca-es,icanhazdadjokes.joke,conta algun acudit
ca-es,icanhazdadjokes.joke,digues-me una broma
ca-es,icanhazdadjokes.joke,digues-me alguna broma
ca-es,icanhazdadjokes.joke,digues una broma
ca-es,icanhazdadjokes.joke,digues alguna broma
ca-es,icanhazdadjokes.joke,digues-me un acudit
ca-es,icanhazdadjokes.joke,digues-me algun acudit
ca-es,icanhazdadjokes.joke,digues un acudit
ca-es,icanhazdadjokes.joke,digues algun acudit
ca-es,icanhazdadjokes.joke,saps alguna broma
ca-es,icanhazdadjokes.joke,saps cap broma
ca-es,icanhazdadjokes.joke,coneixes alguna broma
ca-es,icanhazdadjokes.joke,coneixes cap broma
ca-es,icanhazdadjokes.joke,m'expliques alguna broma
ca-es,icanhazdadjokes.joke,m'expliques cap broma
ca-es,icanhazdadjokes.joke,saps algun acudit
ca-es,icanhazdadjokes.joke,saps cap acudit
ca-es,icanhazdadjokes.joke,coneixes algun acudit
ca-es,icanhazdadjokes.joke,coneixes cap acudit
ca-es,icanhazdadjokes.joke,m'expliques algun acudit
ca-es,icanhazdadjokes.joke,m'expliques cap acudit
ca-es,icanhazdadjokes.joke,pots dir-me una broma
ca-es,icanhazdadjokes.joke,pots dir-me alguna broma
ca-es,icanhazdadjokes.joke,pots dir-me un acudit
ca-es,icanhazdadjokes.joke,pots dir-me algun acudit
ca-es,icanhazdadjokes.joke,fes-me riure
ca-es,icanhazdadjokes.search_joke,explica 'm una broma sobre {search}
ca-es,icanhazdadjokes.search_joke,explica 'm una broma de {search}
ca-es,icanhazdadjokes.search_joke,explica 'm alguna broma sobre {search}
ca-es,icanhazdadjokes.search_joke,explica 'm alguna broma de {search}
ca-es,icanhazdadjokes.search_joke,conta 'm una broma sobre {search}
ca-es,icanhazdadjokes.search_joke,conta 'm una broma de {search}
ca-es,icanhazdadjokes.search_joke,conta 'm alguna broma sobre {search}
ca-es,icanhazdadjokes.search_joke,conta 'm alguna broma de {search}
ca-es,icanhazdadjokes.search_joke,digue 'm una broma sobre {search}
ca-es,icanhazdadjokes.search_joke,digue 'm una broma de {search}
ca-es,icanhazdadjokes.search_joke,digue 'm alguna broma sobre {search}
ca-es,icanhazdadjokes.search_joke,digue 'm alguna broma de {search}
ca-es,icanhazdadjokes.search_joke,diga 'm una broma sobre {search}
ca-es,icanhazdadjokes.search_joke,diga 'm una broma de {search}
ca-es,icanhazdadjokes.search_joke,diga 'm alguna broma sobre {search}
ca-es,icanhazdadjokes.search_joke,diga 'm alguna broma de {search}
ca-es,icanhazdadjokes.search_joke,explica 'm un acudit sobre {search}
ca-es,icanhazdadjokes.search_joke,explica 'm un acudit de {search}
ca-es,icanhazdadjokes.search_joke,explica 'm algun acudit sobre {search}
ca-es,icanhazdadjokes.search_joke,explica 'm algun acudit de {search}
ca-es,icanhazdadjokes.search_joke,conta 'm un acudit sobre {search}
ca-es,icanhazdadjokes.search_joke,conta 'm un acudit de {search}
ca-es,icanhazdadjokes.search_joke,conta 'm algun acudit sobre {search}
ca-es,icanhazdadjokes.search_joke,conta 'm algun acudit de {search}
ca-es,icanhazdadjokes.search_joke,digue 'm un acudit sobre {search}
ca-es,icanhazdadjokes.search_joke,digue 'm un acudit de {search}
ca-es,icanhazdadjokes.search_joke,digue 'm algun acudit sobre {search}
ca-es,icanhazdadjokes.search_joke,digue 'm algun acudit de {search}
ca-es,icanhazdadjokes.search_joke,diga 'm un acudit sobre {search}
ca-es,icanhazdadjokes.search_joke,diga 'm un acudit de {search}
ca-es,icanhazdadjokes.search_joke,diga 'm algun acudit sobre {search}
ca-es,icanhazdadjokes.search_joke,diga 'm algun acudit de {search}
ca-es,icanhazdadjokes.search_joke,saps alguna broma sobre {search}
ca-es,icanhazdadjokes.search_joke,saps alguna broma de {search}
ca-es,icanhazdadjokes.search_joke,saps cap broma sobre {search}
ca-es,icanhazdadjokes.search_joke,saps cap broma de {search}
ca-es,icanhazdadjokes.search_joke,saps algun acudit sobre {search}
ca-es,icanhazdadjokes.search_joke,saps algun acudit de {search}
ca-es,icanhazdadjokes.search_joke,saps cap acudit sobre {search}
ca-es,icanhazdadjokes.search_joke,saps cap acudit de {search}
ca-es,icanhazdadjokes.search_joke,em pots explicar acudits sobre {search}
ca-es,icanhazdadjokes.search_joke,em pots explicar acudits de {search}
ca-es,icanhazdadjokes.search_joke,em pots explicar bromes sobre {search}
ca-es,icanhazdadjokes.search_joke,em pots explicar bromes de {search}
ca-es,icanhazdadjokes.search_joke,em pots contar acudits sobre {search}
ca-es,icanhazdadjokes.search_joke,em pots contar acudits de {search}
ca-es,icanhazdadjokes.search_joke,em pots contar bromes sobre {search}
ca-es,icanhazdadjokes.search_joke,em pots contar bromes de {search}
ca-es,icanhazdadjokes.search_joke,em pots dir acudits sobre {search}
ca-es,icanhazdadjokes.search_joke,em pots dir acudits de {search}
ca-es,icanhazdadjokes.search_joke,em pots dir bromes sobre {search}
ca-es,icanhazdadjokes.search_joke,em pots dir bromes de {search}
ca-es,icanhazdadjokes.search_joke,pots explicar -me acudits sobre {search}
ca-es,icanhazdadjokes.search_joke,pots explicar -me acudits de {search}
ca-es,icanhazdadjokes.search_joke,pots explicar -me bromes sobre {search}
ca-es,icanhazdadjokes.search_joke,pots explicar -me bromes de {search}
ca-es,icanhazdadjokes.search_joke,pots contar -me acudits sobre {search}
ca-es,icanhazdadjokes.search_joke,pots contar -me acudits de {search}
ca-es,icanhazdadjokes.search_joke,pots contar -me bromes sobre {search}
ca-es,icanhazdadjokes.search_joke,pots contar -me bromes de {search}
ca-es,icanhazdadjokes.search_joke,pots dir -me acudits sobre {search}
ca-es,icanhazdadjokes.search_joke,pots dir -me acudits de {search}
ca-es,icanhazdadjokes.search_joke,pots dir -me bromes sobre {search}
ca-es,icanhazdadjokes.search_joke,pots dir -me bromes de {search}
ca-es,icanhazdadjokes.search_joke,acudit sobre {search}
ca-es,icanhazdadjokes.search_joke,acudit de {search}
ca-es,icanhazdadjokes.search_joke,broma sobre {search}
ca-es,icanhazdadjokes.search_joke,broma de {search}
ca-es,icanhazdadjokes.search_joke,alguna broma sobre {search}
ca-es,icanhazdadjokes.search_joke,alguna broma de {search}
ca-es,icanhazdadjokes.search_joke,una broma sobre {search}
ca-es,icanhazdadjokes.search_joke,una broma de {search}
ca-es,icanhazdadjokes.search_joke,algun acudit sobre {search}
ca-es,icanhazdadjokes.search_joke,algun acudit de {search}
ca-es,icanhazdadjokes.search_joke,un acudit sobre {search}
ca-es,icanhazdadjokes.search_joke,un acudit de {search}
ca-es,icanhazdadjokes.search_joke,saps acudits de {search}
ca-es,icanhazdadjokes.search_joke,saps acudits sobre {search}
ca-es,icanhazdadjokes.search_joke,saps bromes de {search}
ca-es,icanhazdadjokes.search_joke,saps bromes sobre {search}
ca-es,wikipedia-for-humans.wiki,viquipèdia {query}
ca-es,wikipedia-for-humans.wiki,viqui {query}
ca-es,wikipedia-for-humans.wiki,wikipedia {query}
ca-es,wikipedia-for-humans.wiki,wiki {query}
ca-es,wikipedia-for-humans.wiki,explica ns sobre {query}
ca-es,wikipedia-for-humans.wiki,explica 'm sobre {query}
ca-es,wikipedia-for-humans.wiki,explica sobre {query}
ca-es,wikipedia-for-humans.wiki,què diu la viquipèdia sobre {query}
ca-es,wikipedia-for-humans.wiki,què diu la viqui sobre {query}
ca-es,wikipedia-for-humans.wiki,què diu la wikipedia sobre {query}
ca-es,wikipedia-for-humans.wiki,què diu la wiki sobre {query}
ca-es,wikipedia-for-humans.wiki,què hi diu la viquipèdia sobre {query}
ca-es,wikipedia-for-humans.wiki,què hi diu la viqui sobre {query}
ca-es,wikipedia-for-humans.wiki,què hi diu la wikipedia sobre {query}
ca-es,wikipedia-for-humans.wiki,què hi diu la wiki sobre {query}
ca-es,wikipedia-for-humans.wiki,què posa a la viquipèdia sobre {query}
ca-es,wikipedia-for-humans.wiki,què posa a la viqui sobre {query}
ca-es,wikipedia-for-humans.wiki,què posa a la wikipedia sobre {query}
ca-es,wikipedia-for-humans.wiki,què posa a la wiki sobre {query}
ca-es,wikipedia-for-humans.wiki,què hi ha a la viquipèdia sobre {query}
ca-es,wikipedia-for-humans.wiki,què hi ha a la viqui sobre {query}
ca-es,wikipedia-for-humans.wiki,què hi ha a la wikipedia sobre {query}
ca-es,wikipedia-for-humans.wiki,què hi ha a la wiki sobre {query}
ca-es,wikipedia-for-humans.wiki,què hi posa a la viquipèdia sobre {query}
ca-es,wikipedia-for-humans.wiki,què hi posa a la viqui sobre {query}
ca-es,wikipedia-for-humans.wiki,què hi posa a la wikipedia sobre {query}
ca-es,wikipedia-for-humans.wiki,què hi posa a la wiki sobre {query}
ca-es,wikipedia-for-humans.wiki,busca a la viquipèdia {query}
ca-es,wikipedia-for-humans.wiki,busca a la viquipèdia sobre {query}
ca-es,wikipedia-for-humans.wiki,busca a la viqui {query}
ca-es,wikipedia-for-humans.wiki,busca a la viqui sobre {query}
ca-es,wikipedia-for-humans.wiki,busca a la wikipedia {query}
ca-es,wikipedia-for-humans.wiki,busca a la wikipedia sobre {query}
ca-es,wikipedia-for-humans.wiki,busca a la wiki {query}
ca-es,wikipedia-for-humans.wiki,busca a la wiki sobre {query}
ca-es,wikipedia-for-humans.wiki,cerca a la viquipèdia {query}
ca-es,wikipedia-for-humans.wiki,cerca a la viquipèdia sobre {query}
ca-es,wikipedia-for-humans.wiki,cerca a la viqui {query}
ca-es,wikipedia-for-humans.wiki,cerca a la viqui sobre {query}
ca-es,wikipedia-for-humans.wiki,cerca a la wikipedia {query}
ca-es,wikipedia-for-humans.wiki,cerca a la wikipedia sobre {query}
ca-es,wikipedia-for-humans.wiki,cerca a la wiki {query}
ca-es,wikipedia-for-humans.wiki,cerca a la wiki sobre {query}
ca-es,wikipedia-for-humans.wikiroulette,viquipèdia ruleta
ca-es,wikipedia-for-humans.wikiroulette,viqui ruleta
ca-es,wikipedia-for-humans.wikiroulette,wikipedia ruleta
ca-es,wikipedia-for-humans.wikiroulette,wiki ruleta
ca-es,wikipedia-for-humans.wikiroulette,ruleta viquipèdia
ca-es,wikipedia-for-humans.wikiroulette,ruleta viqui
ca-es,wikipedia-for-humans.wikiroulette,ruleta wikipedia
ca-es,wikipedia-for-humans.wikiroulette,ruleta wiki
ca-es,wikipedia-for-humans.wikiroulette,juguem a la wikipedia ruleta
ca-es,wikipedia-for-humans.wikiroulette,juguem a la wiki ruleta
ca-es,wikipedia-for-humans.wikiroulette,juga a la wikipedia ruleta
ca-es,wikipedia-for-humans.wikiroulette,juga a la wiki ruleta
ca-es,wikipedia-for-humans.wikiroulette,jugar a la wikipedia ruleta
ca-es,wikipedia-for-humans.wikiroulette,jugar a la wiki ruleta
ca-es,wikipedia-for-humans.wikiroulette,article viquipèdia a l'atzar
ca-es,wikipedia-for-humans.wikiroulette,article viquipèdia aleatori
ca-es,wikipedia-for-humans.wikiroulette,article viquipèdia aleatòria
ca-es,wikipedia-for-humans.wikiroulette,article viqui a l'atzar
ca-es,wikipedia-for-humans.wikiroulette,article viqui aleatori
ca-es,wikipedia-for-humans.wikiroulette,article viqui aleatòria
ca-es,wikipedia-for-humans.wikiroulette,article wikipedia a l'atzar
ca-es,wikipedia-for-humans.wikiroulette,article wikipedia aleatori
ca-es,wikipedia-for-humans.wikiroulette,article wikipedia aleatòria
ca-es,wikipedia-for-humans.wikiroulette,article wiki a l'atzar
ca-es,wikipedia-for-humans.wikiroulette,article wiki aleatori
ca-es,wikipedia-for-humans.wikiroulette,article wiki aleatòria
ca-es,wikipedia-for-humans.wikiroulette,pàgina viquipèdia a l'atzar
ca-es,wikipedia-for-humans.wikiroulette,pàgina viquipèdia aleatori
ca-es,wikipedia-for-humans.wikiroulette,pàgina viquipèdia aleatòria
ca-es,wikipedia-for-humans.wikiroulette,pàgina viqui a l'atzar
ca-es,wikipedia-for-humans.wikiroulette,pàgina viqui aleatori
ca-es,wikipedia-for-humans.wikiroulette,pàgina viqui aleatòria
ca-es,wikipedia-for-humans.wikiroulette,pàgina wikipedia a l'atzar
ca-es,wikipedia-for-humans.wikiroulette,pàgina wikipedia aleatori
ca-es,wikipedia-for-humans.wikiroulette,pàgina wikipedia aleatòria
ca-es,wikipedia-for-humans.wikiroulette,pàgina wiki a l'atzar
ca-es,wikipedia-for-humans.wikiroulette,pàgina wiki aleatori
ca-es,wikipedia-for-humans.wikiroulette,pàgina wiki aleatòria
ca-es,wikipedia-for-humans.wikiroulette,article a l'atzar de la viquipèdia
ca-es,wikipedia-for-humans.wikiroulette,article a l'atzar de la viqui
ca-es,wikipedia-for-humans.wikiroulette,article a l'atzar de la wikipedia
ca-es,wikipedia-for-humans.wikiroulette,article a l'atzar de la wiki
ca-es,wikipedia-for-humans.wikiroulette,article aleatori de la viquipèdia
ca-es,wikipedia-for-humans.wikiroulette,article aleatori de la viqui
ca-es,wikipedia-for-humans.wikiroulette,article aleatori de la wikipedia
ca-es,wikipedia-for-humans.wikiroulette,article aleatori de la wiki
ca-es,wikipedia-for-humans.wikiroulette,article aleatòria de la viquipèdia
ca-es,wikipedia-for-humans.wikiroulette,article aleatòria de la viqui
ca-es,wikipedia-for-humans.wikiroulette,article aleatòria de la wikipedia
ca-es,wikipedia-for-humans.wikiroulette,article aleatòria de la wiki
ca-es,wikipedia-for-humans.wikiroulette,pàgina a l'atzar de la viquipèdia
ca-es,wikipedia-for-humans.wikiroulette,pàgina a l'atzar de la viqui
ca-es,wikipedia-for-humans.wikiroulette,pàgina a l'atzar de la wikipedia
ca-es,wikipedia-for-humans.wikiroulette,pàgina a l'atzar de la wiki
ca-es,wikipedia-for-humans.wikiroulette,pàgina aleatori de la viquipèdia
ca-es,wikipedia-for-humans.wikiroulette,pàgina aleatori de la viqui
ca-es,wikipedia-for-humans.wikiroulette,pàgina aleatori de la wikipedia
ca-es,wikipedia-for-humans.wikiroulette,pàgina aleatori de la wiki
ca-es,wikipedia-for-humans.wikiroulette,pàgina aleatòria de la viquipèdia
ca-es,wikipedia-for-humans.wikiroulette,pàgina aleatòria de la viqui
ca-es,wikipedia-for-humans.wikiroulette,pàgina aleatòria de la wikipedia
ca-es,wikipedia-for-humans.wikiroulette,pàgina aleatòria de la wiki
ca-es,wikipedia-for-humans.wikiroulette,article a l'atzar viquipèdia
ca-es,wikipedia-for-humans.wikiroulette,article a l'atzar viqui
ca-es,wikipedia-for-humans.wikiroulette,article a l'atzar wikipedia
ca-es,wikipedia-for-humans.wikiroulette,article a l'atzar wiki
ca-es,wikipedia-for-humans.wikiroulette,article aleatori viquipèdia
ca-es,wikipedia-for-humans.wikiroulette,article aleatori viqui
ca-es,wikipedia-for-humans.wikiroulette,article aleatori wikipedia
ca-es,wikipedia-for-humans.wikiroulette,article aleatori wiki
ca-es,wikipedia-for-humans.wikiroulette,article aleatòria viquipèdia
ca-es,wikipedia-for-humans.wikiroulette,article aleatòria viqui
ca-es,wikipedia-for-humans.wikiroulette,article aleatòria wikipedia
ca-es,wikipedia-for-humans.wikiroulette,article aleatòria wiki
ca-es,wikipedia-for-humans.wikiroulette,pàgina a l'atzar viquipèdia
ca-es,wikipedia-for-humans.wikiroulette,pàgina a l'atzar viqui
ca-es,wikipedia-for-humans.wikiroulette,pàgina a l'atzar wikipedia
ca-es,wikipedia-for-humans.wikiroulette,pàgina a l'atzar wiki
ca-es,wikipedia-for-humans.wikiroulette,pàgina aleatori viquipèdia
ca-es,wikipedia-for-humans.wikiroulette,pàgina aleatori viqui
ca-es,wikipedia-for-humans.wikiroulette,pàgina aleatori wikipedia
ca-es,wikipedia-for-humans.wikiroulette,pàgina aleatori wiki
ca-es,wikipedia-for-humans.wikiroulette,pàgina aleatòria viquipèdia
ca-es,wikipedia-for-humans.wikiroulette,pàgina aleatòria viqui
ca-es,wikipedia-for-humans.wikiroulette,pàgina aleatòria wikipedia
ca-es,wikipedia-for-humans.wikiroulette,pàgina aleatòria wiki
ca-es,wikipedia-for-humans.wikiroulette,viquipèdia a l'atzar
ca-es,wikipedia-for-humans.wikiroulette,viquipèdia aleatori
ca-es,wikipedia-for-humans.wikiroulette,viquipèdia aleatòria
ca-es,wikipedia-for-humans.wikiroulette,viqui a l'atzar
ca-es,wikipedia-for-humans.wikiroulette,viqui aleatori
ca-es,wikipedia-for-humans.wikiroulette,viqui aleatòria
ca-es,wikipedia-for-humans.wikiroulette,wikipedia a l'atzar
ca-es,wikipedia-for-humans.wikiroulette,wikipedia aleatori
ca-es,wikipedia-for-humans.wikiroulette,wikipedia aleatòria
ca-es,wikipedia-for-humans.wikiroulette,wiki a l'atzar
ca-es,wikipedia-for-humans.wikiroulette,wiki aleatori
ca-es,wikipedia-for-humans.wikiroulette,wiki aleatòria
ca-es,wikipedia-for-humans.wikiroulette,obrir wikipedia a l'atzar
ca-es,wikipedia-for-humans.wikiroulette,obrir wikipedia aleatori
ca-es,wikipedia-for-humans.wikiroulette,obrir wikipedia aleatòria
ca-es,wikipedia-for-humans.wikiroulette,obrir wiki a l'atzar
ca-es,wikipedia-for-humans.wikiroulette,obrir wiki aleatori
ca-es,wikipedia-for-humans.wikiroulette,obrir wiki aleatòria
ca-es,wikipedia-for-humans.wikiroulette,mostrar wikipedia a l'atzar
ca-es,wikipedia-for-humans.wikiroulette,mostrar wikipedia aleatori
ca-es,wikipedia-for-humans.wikiroulette,mostrar wikipedia aleatòria
ca-es,wikipedia-for-humans.wikiroulette,mostrar wiki a l'atzar
ca-es,wikipedia-for-humans.wikiroulette,mostrar wiki aleatori
ca-es,wikipedia-for-humans.wikiroulette,mostrar wiki aleatòria
ca-es,wikipedia-for-humans.wikiroulette,veure wikipedia a l'atzar
ca-es,wikipedia-for-humans.wikiroulette,veure wikipedia aleatori
ca-es,wikipedia-for-humans.wikiroulette,veure wikipedia aleatòria
ca-es,wikipedia-for-humans.wikiroulette,veure wiki a l'atzar
ca-es,wikipedia-for-humans.wikiroulette,veure wiki aleatori
ca-es,wikipedia-for-humans.wikiroulette,veure wiki aleatòria
ca-es,wikipedia-for-humans.wikiroulette,obre wikipedia a l'atzar
ca-es,wikipedia-for-humans.wikiroulette,obre wikipedia aleatori
ca-es,wikipedia-for-humans.wikiroulette,obre wikipedia aleatòria
ca-es,wikipedia-for-humans.wikiroulette,obre wiki a l'atzar
ca-es,wikipedia-for-humans.wikiroulette,obre wiki aleatori
ca-es,wikipedia-for-humans.wikiroulette,obre wiki aleatòria
ca-es,wikipedia-for-humans.wikiroulette,mostra wikipedia a l'atzar
ca-es,wikipedia-for-humans.wikiroulette,mostra wikipedia aleatori
ca-es,wikipedia-for-humans.wikiroulette,mostra wikipedia aleatòria
ca-es,wikipedia-for-humans.wikiroulette,mostra wiki a l'atzar
ca-es,wikipedia-for-humans.wikiroulette,mostra wiki aleatori
ca-es,wikipedia-for-humans.wikiroulette,mostra wiki aleatòria
ca-es,wikipedia-for-humans.wikiroulette,obrir article wikipedia a l'atzar
ca-es,wikipedia-for-humans.wikiroulette,obrir article wikipedia aleatori
ca-es,wikipedia-for-humans.wikiroulette,obrir article wikipedia aleatòria
ca-es,wikipedia-for-humans.wikiroulette,obrir article wiki a l'atzar
ca-es,wikipedia-for-humans.wikiroulette,obrir article wiki aleatori
ca-es,wikipedia-for-humans.wikiroulette,obrir article wiki aleatòria
ca-es,wikipedia-for-humans.wikiroulette,obrir pàgina wikipedia a l'atzar
ca-es,wikipedia-for-humans.wikiroulette,obrir pàgina wikipedia aleatori
ca-es,wikipedia-for-humans.wikiroulette,obrir pàgina wikipedia aleatòria
ca-es,wikipedia-for-humans.wikiroulette,obrir pàgina wiki a l'atzar
ca-es,wikipedia-for-humans.wikiroulette,obrir pàgina wiki aleatori
ca-es,wikipedia-for-humans.wikiroulette,obrir pàgina wiki aleatòria
ca-es,wikipedia-for-humans.wikiroulette,mostrar article wikipedia a l'atzar
ca-es,wikipedia-for-humans.wikiroulette,mostrar article wikipedia aleatori
ca-es,wikipedia-for-humans.wikiroulette,mostrar article wikipedia aleatòria
ca-es,wikipedia-for-humans.wikiroulette,mostrar article wiki a l'atzar
ca-es,wikipedia-for-humans.wikiroulette,mostrar article wiki aleatori
ca-es,wikipedia-for-humans.wikiroulette,mostrar article wiki aleatòria
ca-es,wikipedia-for-humans.wikiroulette,mostrar pàgina wikipedia a l'atzar
ca-es,wikipedia-for-humans.wikiroulette,mostrar pàgina wikipedia aleatori
ca-es,wikipedia-for-humans.wikiroulette,mostrar pàgina wikipedia aleatòria
ca-es,wikipedia-for-humans.wikiroulette,mostrar pàgina wiki a l'atzar
ca-es,wikipedia-for-humans.wikiroulette,mostrar pàgina wiki aleatori
ca-es,wikipedia-for-humans.wikiroulette,mostrar pàgina wiki aleatòria
ca-es,wikipedia-for-humans.wikiroulette,veure article wikipedia a l'atzar
ca-es,wikipedia-for-humans.wikiroulette,veure article wikipedia aleatori
ca-es,wikipedia-for-humans.wikiroulette,veure article wikipedia aleatòria
ca-es,wikipedia-for-humans.wikiroulette,veure article wiki a l'atzar
ca-es,wikipedia-for-humans.wikiroulette,veure article wiki aleatori
ca-es,wikipedia-for-humans.wikiroulette,veure article wiki aleatòria
ca-es,wikipedia-for-humans.wikiroulette,veure pàgina wikipedia a l'atzar
ca-es,wikipedia-for-humans.wikiroulette,veure pàgina wikipedia aleatori
ca-es,wikipedia-for-humans.wikiroulette,veure pàgina wikipedia aleatòria
ca-es,wikipedia-for-humans.wikiroulette,veure pàgina wiki a l'atzar
ca-es,wikipedia-for-humans.wikiroulette,veure pàgina wiki aleatori
ca-es,wikipedia-for-humans.wikiroulette,veure pàgina wiki aleatòria
ca-es,wikipedia-for-humans.wikiroulette,obre article wikipedia a l'atzar
ca-es,wikipedia-for-humans.wikiroulette,obre article wikipedia aleatori
ca-es,wikipedia-for-humans.wikiroulette,obre article wikipedia aleatòria
ca-es,wikipedia-for-humans.wikiroulette,obre article wiki a l'atzar
ca-es,wikipedia-for-humans.wikiroulette,obre article wiki aleatori
ca-es,wikipedia-for-humans.wikiroulette,obre article wiki aleatòria
ca-es,wikipedia-for-humans.wikiroulette,obre pàgina wikipedia a l'atzar
ca-es,wikipedia-for-humans.wikiroulette,obre pàgina wikipedia aleatori
ca-es,wikipedia-for-humans.wikiroulette,obre pàgina wikipedia aleatòria
ca-es,wikipedia-for-humans.wikiroulette,obre pàgina wiki a l'atzar
ca-es,wikipedia-for-humans.wikiroulette,obre pàgina wiki aleatori
ca-es,wikipedia-for-humans.wikiroulette,obre pàgina wiki aleatòria
ca-es,wikipedia-for-humans.wikiroulette,mostra article wikipedia a l'atzar
ca-es,wikipedia-for-humans.wikiroulette,mostra article wikipedia aleatori
ca-es,wikipedia-for-humans.wikiroulette,mostra article wikipedia aleatòria
ca-es,wikipedia-for-humans.wikiroulette,mostra article wiki a l'atzar
ca-es,wikipedia-for-humans.wikiroulette,mostra article wiki aleatori
ca-es,wikipedia-for-humans.wikiroulette,mostra article wiki aleatòria
ca-es,wikipedia-for-humans.wikiroulette,mostra pàgina wikipedia a l'atzar
ca-es,wikipedia-for-humans.wikiroulette,mostra pàgina wikipedia aleatori
ca-es,wikipedia-for-humans.wikiroulette,mostra pàgina wikipedia aleatòria
ca-es,wikipedia-for-humans.wikiroulette,mostra pàgina wiki a l'atzar
ca-es,wikipedia-for-humans.wikiroulette,mostra pàgina wiki aleatori
ca-es,wikipedia-for-humans.wikiroulette,mostra pàgina wiki aleatòria
ca-es,wikipedia-for-humans.wikiroulette,obrir un article wikipedia a l'atzar
ca-es,wikipedia-for-humans.wikiroulette,obrir un article wikipedia aleatori
ca-es,wikipedia-for-humans.wikiroulette,obrir un article wikipedia aleatòria
ca-es,wikipedia-for-humans.wikiroulette,obrir un article wiki a l'atzar
ca-es,wikipedia-for-humans.wikiroulette,obrir un article wiki aleatori
ca-es,wikipedia-for-humans.wikiroulette,obrir un article wiki aleatòria
ca-es,wikipedia-for-humans.wikiroulette,obrir un pàgina wikipedia a l'atzar
ca-es,wikipedia-for-humans.wikiroulette,obrir un pàgina wikipedia aleatori
ca-es,wikipedia-for-humans.wikiroulette,obrir un pàgina wikipedia aleatòria
ca-es,wikipedia-for-humans.wikiroulette,obrir un pàgina wiki a l'atzar
ca-es,wikipedia-for-humans.wikiroulette,obrir un pàgina wiki aleatori
ca-es,wikipedia-for-humans.wikiroulette,obrir un pàgina wiki aleatòria
ca-es,wikipedia-for-humans.wikiroulette,obrir una article wikipedia a l'atzar
ca-es,wikipedia-for-humans.wikiroulette,obrir una article wikipedia aleatori
ca-es,wikipedia-for-humans.wikiroulette,obrir una article wikipedia aleatòria
ca-es,wikipedia-for-humans.wikiroulette,obrir una article wiki a l'atzar
ca-es,wikipedia-for-humans.wikiroulette,obrir una article wiki aleatori
ca-es,wikipedia-for-humans.wikiroulette,obrir una article wiki aleatòria
ca-es,wikipedia-for-humans.wikiroulette,obrir una pàgina wikipedia a l'atzar
ca-es,wikipedia-for-humans.wikiroulette,obrir una pàgina wikipedia aleatori
ca-es,wikipedia-for-humans.wikiroulette,obrir una pàgina wikipedia aleatòria
ca-es,wikipedia-for-humans.wikiroulette,obrir una pàgina wiki a l'atzar
ca-es,wikipedia-for-humans.wikiroulette,obrir una pàgina wiki aleatori
ca-es,wikipedia-for-humans.wikiroulette,obrir una pàgina wiki aleatòria
ca-es,wikipedia-for-humans.wikiroulette,mostrar un article wikipedia a l'atzar
ca-es,wikipedia-for-humans.wikiroulette,mostrar un article wikipedia aleatori
ca-es,wikipedia-for-humans.wikiroulette,mostrar un article wikipedia aleatòria
ca-es,wikipedia-for-humans.wikiroulette,mostrar un article wiki a l'atzar
ca-es,wikipedia-for-humans.wikiroulette,mostrar un article wiki aleatori
ca-es,wikipedia-for-humans.wikiroulette,mostrar un article wiki aleatòria
ca-es,wikipedia-for-humans.wikiroulette,mostrar un pàgina wikipedia a l'atzar
ca-es,wikipedia-for-humans.wikiroulette,mostrar un pàgina wikipedia aleatori
ca-es,wikipedia-for-humans.wikiroulette,mostrar un pàgina wikipedia aleatòria
ca-es,wikipedia-for-humans.wikiroulette,mostrar un pàgina wiki a l'atzar
ca-es,wikipedia-for-humans.wikiroulette,mostrar un pàgina wiki aleatori
ca-es,wikipedia-for-humans.wikiroulette,mostrar un pàgina wiki aleatòria
ca-es,wikipedia-for-humans.wikiroulette,mostrar una article wikipedia a l'atzar
ca-es,wikipedia-for-humans.wikiroulette,mostrar una article wikipedia aleatori
ca-es,wikipedia-for-humans.wikiroulette,mostrar una article wikipedia aleatòria
ca-es,wikipedia-for-humans.wikiroulette,mostrar una article wiki a l'atzar
ca-es,wikipedia-for-humans.wikiroulette,mostrar una article wiki aleatori
ca-es,wikipedia-for-humans.wikiroulette,mostrar una article wiki aleatòria
ca-es,wikipedia-for-humans.wikiroulette,mostrar una pàgina wikipedia a l'atzar
ca-es,wikipedia-for-humans.wikiroulette,mostrar una pàgina wikipedia aleatori
ca-es,wikipedia-for-humans.wikiroulette,mostrar una pàgina wikipedia aleatòria
ca-es,wikipedia-for-humans.wikiroulette,mostrar una pàgina wiki a l'atzar
ca-es,wikipedia-for-humans.wikiroulette,mostrar una pàgina wiki aleatori
ca-es,wikipedia-for-humans.wikiroulette,mostrar una pàgina wiki aleatòria
ca-es,wikipedia-for-humans.wikiroulette,veure un article wikipedia a l'atzar
ca-es,wikipedia-for-humans.wikiroulette,veure un article wikipedia aleatori
ca-es,wikipedia-for-humans.wikiroulette,veure un article wikipedia aleatòria
ca-es,wikipedia-for-humans.wikiroulette,veure un article wiki a l'atzar
ca-es,wikipedia-for-humans.wikiroulette,veure un article wiki aleatori
ca-es,wikipedia-for-humans.wikiroulette,veure un article wiki aleatòria
ca-es,wikipedia-for-humans.wikiroulette,veure un pàgina wikipedia a l'atzar
ca-es,wikipedia-for-humans.wikiroulette,veure un pàgina wikipedia aleatori
ca-es,wikipedia-for-humans.wikiroulette,veure un pàgina wikipedia aleatòria
ca-es,wikipedia-for-humans.wikiroulette,veure un pàgina wiki a l'atzar
ca-es,wikipedia-for-humans.wikiroulette,veure un pàgina wiki aleatori
ca-es,wikipedia-for-humans.wikiroulette,veure un pàgina wiki aleatòria
ca-es,wikipedia-for-humans.wikiroulette,veure una article wikipedia a l'atzar
ca-es,wikipedia-for-humans.wikiroulette,veure una article wikipedia aleatori
ca-es,wikipedia-for-humans.wikiroulette,veure una article wikipedia aleatòria
ca-es,wikipedia-for-humans.wikiroulette,veure una article wiki a l'atzar
ca-es,wikipedia-for-humans.wikiroulette,veure una article wiki aleatori
ca-es,wikipedia-for-humans.wikiroulette,veure una article wiki aleatòria
ca-es,wikipedia-for-humans.wikiroulette,veure una pàgina wikipedia a l'atzar
ca-es,wikipedia-for-humans.wikiroulette,veure una pàgina wikipedia aleatori
ca-es,wikipedia-for-humans.wikiroulette,veure una pàgina wikipedia aleatòria
ca-es,wikipedia-for-humans.wikiroulette,veure una pàgina wiki a l'atzar
ca-es,wikipedia-for-humans.wikiroulette,veure una pàgina wiki aleatori
ca-es,wikipedia-for-humans.wikiroulette,veure una pàgina wiki aleatòria
ca-es,wikipedia-for-humans.wikiroulette,obre un article wikipedia a l'atzar
ca-es,wikipedia-for-humans.wikiroulette,obre un article wikipedia aleatori
ca-es,wikipedia-for-humans.wikiroulette,obre un article wikipedia aleatòria
ca-es,wikipedia-for-humans.wikiroulette,obre un article wiki a l'atzar
ca-es,wikipedia-for-humans.wikiroulette,obre un article wiki aleatori
ca-es,wikipedia-for-humans.wikiroulette,obre un article wiki aleatòria
ca-es,wikipedia-for-humans.wikiroulette,obre un pàgina wikipedia a l'atzar
ca-es,wikipedia-for-humans.wikiroulette,obre un pàgina wikipedia aleatori
ca-es,wikipedia-for-humans.wikiroulette,obre un pàgina wikipedia aleatòria
ca-es,wikipedia-for-humans.wikiroulette,obre un pàgina wiki a l'atzar
ca-es,wikipedia-for-humans.wikiroulette,obre un pàgina wiki aleatori
ca-es,wikipedia-for-humans.wikiroulette,obre un pàgina wiki aleatòria
ca-es,wikipedia-for-humans.wikiroulette,obre una article wikipedia a l'atzar
ca-es,wikipedia-for-humans.wikiroulette,obre una article wikipedia aleatori
ca-es,wikipedia-for-humans.wikiroulette,obre una article wikipedia aleatòria
ca-es,wikipedia-for-humans.wikiroulette,obre una article wiki a l'atzar
ca-es,wikipedia-for-humans.wikiroulette,obre una article wiki aleatori
ca-es,wikipedia-for-humans.wikiroulette,obre una article wiki aleatòria
ca-es,wikipedia-for-humans.wikiroulette,obre una pàgina wikipedia a l'atzar
ca-es,wikipedia-for-humans.wikiroulette,obre una pàgina wikipedia aleatori
ca-es,wikipedia-for-humans.wikiroulette,obre una pàgina wikipedia aleatòria
ca-es,wikipedia-for-humans.wikiroulette,obre una pàgina wiki a l'atzar
ca-es,wikipedia-for-humans.wikiroulette,obre una pàgina wiki aleatori
ca-es,wikipedia-for-humans.wikiroulette,obre una pàgina wiki aleatòria
ca-es,wikipedia-for-humans.wikiroulette,mostra un article wikipedia a l'atzar
ca-es,wikipedia-for-humans.wikiroulette,mostra un article wikipedia aleatori
ca-es,wikipedia-for-humans.wikiroulette,mostra un article wikipedia aleatòria
ca-es,wikipedia-for-humans.wikiroulette,mostra un article wiki a l'atzar
ca-es,wikipedia-for-humans.wikiroulette,mostra un article wiki aleatori
ca-es,wikipedia-for-humans.wikiroulette,mostra un article wiki aleatòria
ca-es,wikipedia-for-humans.wikiroulette,mostra un pàgina wikipedia a l'atzar
ca-es,wikipedia-for-humans.wikiroulette,mostra un pàgina wikipedia aleatori
ca-es,wikipedia-for-humans.wikiroulette,mostra un pàgina wikipedia aleatòria
ca-es,wikipedia-for-humans.wikiroulette,mostra un pàgina wiki a l'atzar
ca-es,wikipedia-for-humans.wikiroulette,mostra un pàgina wiki aleatori
ca-es,wikipedia-for-humans.wikiroulette,mostra un pàgina wiki aleatòria
ca-es,wikipedia-for-humans.wikiroulette,mostra una article wikipedia a l'atzar
ca-es,wikipedia-for-humans.wikiroulette,mostra una article wikipedia aleatori
ca-es,wikipedia-for-humans.wikiroulette,mostra una article wikipedia aleatòria
ca-es,wikipedia-for-humans.wikiroulette,mostra una article wiki a l'atzar
ca-es,wikipedia-for-humans.wikiroulette,mostra una article wiki aleatori
ca-es,wikipedia-for-humans.wikiroulette,mostra una article wiki aleatòria
ca-es,wikipedia-for-humans.wikiroulette,mostra una pàgina wikipedia a l'atzar
ca-es,wikipedia-for-humans.wikiroulette,mostra una pàgina wikipedia aleatori
ca-es,wikipedia-for-humans.wikiroulette,mostra una pàgina wikipedia aleatòria
ca-es,wikipedia-for-humans.wikiroulette,mostra una pàgina wiki a l'atzar
ca-es,wikipedia-for-humans.wikiroulette,mostra una pàgina wiki aleatori
ca-es,wikipedia-for-humans.wikiroulette,mostra una pàgina wiki aleatòria
ca-es,wolfie.search_wolfie,demana a el llop {query}
ca-es,wolfie.search_wolfie,demana a al llop {query}
ca-es,wolfie.search_wolfie,demana a wolfram alpha {query}
ca-es,wolfie.search_wolfie,demana a volfram alfa {query}
ca-es,wolfie.search_wolfie,consulta a el llop {query}
ca-es,wolfie.search_wolfie,consulta a al llop {query}
ca-es,wolfie.search_wolfie,consulta a wolfram alpha {query}
ca-es,wolfie.search_wolfie,consulta a volfram alfa {query}
ca-es,wolfie.search_wolfie,busca a el llop {query}
ca-es,wolfie.search_wolfie,busca a al llop {query}
ca-es,wolfie.search_wolfie,busca a wolfram alpha {query}
ca-es,wolfie.search_wolfie,busca a volfram alfa {query}
ca-es,wolfie.search_wolfie,cerca a el llop {query}
ca-es,wolfie.search_wolfie,cerca a al llop {query}
ca-es,wolfie.search_wolfie,cerca a wolfram alpha {query}
ca-es,wolfie.search_wolfie,cerca a volfram alfa {query}
ca-es,wolfie.search_wolfie,demana {query} a el llop
ca-es,wolfie.search_wolfie,demana {query} a al llop
ca-es,wolfie.search_wolfie,demana {query} a wolfram alpha
ca-es,wolfie.search_wolfie,demana {query} a volfram alfa
ca-es,wolfie.search_wolfie,consulta {query} a el llop
ca-es,wolfie.search_wolfie,consulta {query} a al llop
ca-es,wolfie.search_wolfie,consulta {query} a wolfram alpha
ca-es,wolfie.search_wolfie,consulta {query} a volfram alfa
ca-es,wolfie.search_wolfie,busca {query} a el llop
ca-es,wolfie.search_wolfie,busca {query} a al llop
ca-es,wolfie.search_wolfie,busca {query} a wolfram alpha
ca-es,wolfie.search_wolfie,busca {query} a volfram alfa
ca-es,wolfie.search_wolfie,cerca {query} a el llop
ca-es,wolfie.search_wolfie,cerca {query} a al llop
ca-es,wolfie.search_wolfie,cerca {query} a wolfram alpha
ca-es,wolfie.search_wolfie,cerca {query} a volfram alfa
ca-es,wolfie.search_wolfie,demanar a el llop {query}
ca-es,wolfie.search_wolfie,demanar a al llop {query}
ca-es,wolfie.search_wolfie,demanar a wolfram alpha {query}
ca-es,wolfie.search_wolfie,demanar a volfram alfa {query}
ca-es,wolfie.search_wolfie,consultar a el llop {query}
ca-es,wolfie.search_wolfie,consultar a al llop {query}
ca-es,wolfie.search_wolfie,consultar a wolfram alpha {query}
ca-es,wolfie.search_wolfie,consultar a volfram alfa {query}
ca-es,wolfie.search_wolfie,buscar a el llop {query}
ca-es,wolfie.search_wolfie,buscar a al llop {query}
ca-es,wolfie.search_wolfie,buscar a wolfram alpha {query}
ca-es,wolfie.search_wolfie,buscar a volfram alfa {query}
ca-es,wolfie.search_wolfie,cercar a el llop {query}
ca-es,wolfie.search_wolfie,cercar a al llop {query}
ca-es,wolfie.search_wolfie,cercar a wolfram alpha {query}
ca-es,wolfie.search_wolfie,cercar a volfram alfa {query}
ca-es,wolfie.search_wolfie,demanar {query} a el llop
ca-es,wolfie.search_wolfie,demanar {query} a al llop
ca-es,wolfie.search_wolfie,demanar {query} a wolfram alpha
ca-es,wolfie.search_wolfie,demanar {query} a volfram alfa
ca-es,wolfie.search_wolfie,consultar {query} a el llop
ca-es,wolfie.search_wolfie,consultar {query} a al llop
ca-es,wolfie.search_wolfie,consultar {query} a wolfram alpha
ca-es,wolfie.search_wolfie,consultar {query} a volfram alfa
ca-es,wolfie.search_wolfie,buscar {query} a el llop
ca-es,wolfie.search_wolfie,buscar {query} a al llop
ca-es,wolfie.search_wolfie,buscar {query} a wolfram alpha
ca-es,wolfie.search_wolfie,buscar {query} a volfram alfa
ca-es,wolfie.search_wolfie,cercar {query} a el llop
ca-es,wolfie.search_wolfie,cercar {query} a al llop
ca-es,wolfie.search_wolfie,cercar {query} a wolfram alpha
ca-es,wolfie.search_wolfie,cercar {query} a volfram alfa
ca-es,wolfie.search_wolfie,què diu al llop de {query}
ca-es,wolfie.search_wolfie,què diu al llop sobre {query}
ca-es,wolfie.search_wolfie,què diu el llop de {query}
ca-es,wolfie.search_wolfie,què diu el llop sobre {query}
ca-es,wolfie.search_wolfie,què diu wolfram alpha de {query}
ca-es,wolfie.search_wolfie,què diu wolfram alpha sobre {query}
ca-es,wolfie.search_wolfie,què diu volfram alfa de {query}
ca-es,wolfie.search_wolfie,què diu volfram alfa sobre {query}
ca-es,wolfie.search_wolfie,què posa el llop de {query}
ca-es,wolfie.search_wolfie,què posa el llop sobre {query}
ca-es,wolfie.search_wolfie,què posa al llop de {query}
ca-es,wolfie.search_wolfie,què posa al llop sobre {query}
ca-es,wolfie.search_wolfie,què posa a wolfram alpha de {query}
ca-es,wolfie.search_wolfie,què posa a wolfram alpha sobre {query}
ca-es,wolfie.search_wolfie,què posa a volfram alfa de {query}
ca-es,wolfie.search_wolfie,què posa a volfram alfa sobre {query}