gl-es,cocktail.Needed,que é necesario para facer unha {drink}
gl-es,cocktail.Needed,que é necesario para facer un {drink}
gl-es,cocktail.Needed,que vostede preciso para facer um {drink}
gl-es,cocktail.Needed,que vostede preciso para facer o {drink}
gl-es,cocktail.Needed,que vostede precisa para facer um {drink}
gl-es,cocktail.Needed,que vostede precisa para facer o {drink}
gl-es,cocktail.Needed,que eu preciso para facer um {drink}
gl-es,cocktail.Needed,que eu preciso para facer o {drink}
gl-es,cocktail.Needed,que eu precisa para facer um {drink}
gl-es,cocktail.Needed,que eu precisa para facer o {drink}
gl-es,cocktail.Needed,cal é o ingrediente para unha {drink}
gl-es,cocktail.Needed,cal é o ingrediente para un {drink}
gl-es,cocktail.Needed,cal é o ingrediente de unha {drink}
gl-es,cocktail.Needed,cal é o ingrediente de un {drink}
gl-es,cocktail.Needed,cal é o ingredientes para unha {drink}
gl-es,cocktail.Needed,cal é o ingredientes para un {drink}
gl-es,cocktail.Needed,cal é o ingredientes de unha {drink}
gl-es,cocktail.Needed,cal é o ingredientes de un {drink}
gl-es,cocktail.Needed,cal é os ingrediente para unha {drink}
gl-es,cocktail.Needed,cal é os ingrediente para un {drink}
gl-es,cocktail.Needed,cal é os ingrediente de unha {drink}
gl-es,cocktail.Needed,cal é os ingrediente de un {drink}
gl-es,cocktail.Needed,cal é os ingredientes para unha {drink}
gl-es,cocktail.Needed,cal é os ingredientes para un {drink}
gl-es,cocktail.Needed,cal é os ingredientes de unha {drink}
gl-es,cocktail.Needed,cal é os ingredientes de un {drink}
gl-es,cocktail.Needed,cal son o ingrediente para unha {drink}
gl-es,cocktail.Needed,cal son o ingrediente para un {drink}
gl-es,cocktail.Needed,cal son o ingrediente de unha {drink}
gl-es,cocktail.Needed,cal son o ingrediente de un {drink}
gl-es,cocktail.Needed,cal son o ingredientes para unha {drink}
gl-es,cocktail.Needed,cal son o ingredientes para un {drink}
gl-es,cocktail.Needed,cal son o ingredientes de unha {drink}
gl-es,cocktail.Needed,cal son o ingredientes de un {drink}
gl-es,cocktail.Needed,cal son os ingrediente para unha {drink}
gl-es,cocktail.Needed,cal son os ingrediente para un {drink}
gl-es,cocktail.Needed,cal son os ingrediente de unha {drink}
gl-es,cocktail.Needed,cal son os ingrediente de un {drink}
gl-es,cocktail.Needed,cal son os ingredientes para unha {drink}
gl-es,cocktail.Needed,cal son os ingredientes para un {drink}
gl-es,cocktail.Needed,cal son os ingredientes de unha {drink}
gl-es,cocktail.Needed,cal son os ingredientes de un {drink}
gl-es,cocktail.Needed,cales é o ingrediente para unha {drink}
gl-es,cocktail.Needed,cales é o ingrediente para un {drink}
gl-es,cocktail.Needed,cales é o ingrediente de unha {drink}
gl-es,cocktail.Needed,cales é o ingrediente de un {drink}
gl-es,cocktail.Needed,cales é o ingredientes para unha {drink}
gl-es,cocktail.Needed,cales é o ingredientes para un {drink}
gl-es,cocktail.Needed,cales é o ingredientes de unha {drink}
gl-es,cocktail.Needed,cales é o ingredientes de un {drink}
gl-es,cocktail.Needed,cales é os ingrediente para unha {drink}
gl-es,cocktail.Needed,cales é os ingrediente para un {drink}
gl-es,cocktail.Needed,cales é os ingrediente de unha {drink}
gl-es,cocktail.Needed,cales é os ingrediente de un {drink}
gl-es,cocktail.Needed,cales é os ingredientes para unha {drink}
gl-es,cocktail.Needed,cales é os ingredientes para un {drink}
gl-es,cocktail.Needed,cales é os ingredientes de unha {drink}
gl-es,cocktail.Needed,cales é os ingredientes de un {drink}
gl-es,cocktail.Needed,cales son o ingrediente para unha {drink}
gl-es,cocktail.Needed,cales son o ingrediente para un {drink}
gl-es,cocktail.Needed,cales son o ingrediente de unha {drink}
gl-es,cocktail.Needed,cales son o ingrediente de un {drink}
gl-es,cocktail.Needed,cales son o ingredientes para unha {drink}
gl-es,cocktail.Needed,cales son o ingredientes para un {drink}
gl-es,cocktail.Needed,cales son o ingredientes de unha {drink}
gl-es,cocktail.Needed,cales son o ingredientes de un {drink}
gl-es,cocktail.Needed,cales son os ingrediente para unha {drink}
gl-es,cocktail.Needed,cales son os ingrediente para un {drink}
gl-es,cocktail.Needed,cales son os ingrediente de unha {drink}
gl-es,cocktail.Needed,cales son os ingrediente de un {drink}
gl-es,cocktail.Needed,cales son os ingredientes para unha {drink}
gl-es,cocktail.Needed,cales son os ingredientes para un {drink}
gl-es,cocktail.Needed,cales son os ingredientes de unha {drink}
gl-es,cocktail.Needed,cales son os ingredientes de un {drink}
gl-es,cocktail.Recipie,como vostede preparar unha {drink}
gl-es,cocktail.Recipie,como vostede preparar un {drink}
gl-es,cocktail.Recipie,como vostede facer unha {drink}
gl-es,cocktail.Recipie,como vostede facer un {drink}
gl-es,cocktail.Recipie,como eu preparar unha {drink}
gl-es,cocktail.Recipie,como eu preparar un {drink}
gl-es,cocktail.Recipie,como eu facer unha {drink}
gl-es,cocktail.Recipie,como eu facer un {drink}
gl-es,cocktail.Recipie,di nos como preparar unha {drink}
gl-es,cocktail.Recipie,di nos como preparar un {drink}
gl-es,cocktail.Recipie,di nos como facer unha {drink}
gl-es,cocktail.Recipie,di nos como facer un {drink}
gl-es,cocktail.Recipie,di me como preparar unha {drink}
gl-es,cocktail.Recipie,di me como preparar un {drink}
gl-es,cocktail.Recipie,di me como facer unha {drink}
gl-es,cocktail.Recipie,di me como facer un {drink}
gl-es,cocktail.Recipie,dá nos instrucións para preparar unha {drink}
gl-es,cocktail.Recipie,dá nos instrucións para preparar un {drink}
gl-es,cocktail.Recipie,dá me instrucións para preparar unha {drink}
gl-es,cocktail.Recipie,dá me instrucións para preparar un {drink}
gl-es,cocktail.Recipie,como preparar unha {drink}
gl-es,cocktail.Recipie,como preparar un {drink}
gl-es,cocktail.Recipie,como facer unha {drink}
gl-es,cocktail.Recipie,como facer un {drink}
gl-es,cocktail.Recipie,cal é a receita para unha {drink}
gl-es,cocktail.Recipie,cal é a receita para un {drink}
gl-es,email-skill.check.email,revisa o meu correo
gl-es,email-skill.check.email,revisa o meu correo
gl-es,email-skill.check.email,teño algún correo
gl-es,email-skill.check.email,teño algún correo
gl-es,email-skill.check.email,teño algún correo novo
gl-es,email-skill.enquire.email,Teño algún correo de {email}?
gl-es,email-skill.enquire.email,Teño correo de {email}?
gl-es,email-skill.enquire.email,Teño algún correo de {email}?
gl-es,email-skill.enquire.email,Recibín algún correo de {email}?
gl-es,email-skill.notify,fálame sobre os novos correos
gl-es,email-skill.notify,fálame sobre os novos correo
gl-es,email-skill.notify,fálame sobre os novo correos
gl-es,email-skill.notify,fálame sobre os novo correo
gl-es,email-skill.notify,fálame sobre o novos correos
gl-es,email-skill.notify,fálame sobre o novos correo
gl-es,email-skill.notify,fálame sobre o novo correos
gl-es,email-skill.notify,fálame sobre o novo correo
gl-es,email-skill.notify,infórmame sobre os novos correos
gl-es,email-skill.notify,infórmame sobre os novos correo
gl-es,email-skill.notify,infórmame sobre os novo correos
gl-es,email-skill.notify,infórmame sobre os novo correo
gl-es,email-skill.notify,infórmame sobre o novos correos
gl-es,email-skill.notify,infórmame sobre o novos correo
gl-es,email-skill.notify,infórmame sobre o novo correos
gl-es,email-skill.notify,infórmame sobre o novo correo
gl-es,email-skill.notify,fálame cando eu reciba novos correos
gl-es,email-skill.notify,fálame cando eu reciba novos correo
gl-es,email-skill.notify,fálame cando eu reciba novo correos
gl-es,email-skill.notify,fálame cando eu reciba novo correo
gl-es,email-skill.notify,infórmame cando eu reciba novos correos
gl-es,email-skill.notify,infórmame cando eu reciba novos correo
gl-es,email-skill.notify,infórmame cando eu reciba novo correos
gl-es,email-skill.notify,infórmame cando eu reciba novo correo
gl-es,email-skill.notify,fálame sobre correos de {sender}
gl-es,email-skill.notify,fálame sobre correo de {sender}
gl-es,email-skill.notify,avísame sobre correos de {sender}
gl-es,email-skill.notify,avísame sobre correo de {sender}
gl-es,email-skill.notify,infórmame sobre correos de {sender}
gl-es,email-skill.notify,infórmame sobre correo de {sender}
gl-es,email-skill.notify,fálame sobre correos de {sender}
gl-es,email-skill.notify,fálame sobre correo de {sender}
gl-es,email-skill.notify,avísame sobre correos de {sender}
gl-es,email-skill.notify,avísame sobre correo de {sender}
gl-es,email-skill.notify,infórmame sobre correos de {sender}
gl-es,email-skill.notify,infórmame sobre correo de {sender}
gl-es,email-skill.notify,fálame sobre os novos correos
gl-es,email-skill.notify,fálame sobre os novos correo
gl-es,email-skill.notify,fálame sobre os novo correos
gl-es,email-skill.notify,fálame sobre os novo correo
gl-es,email-skill.notify,fálame sobre o novos correos
gl-es,email-skill.notify,fálame sobre o novos correo
gl-es,email-skill.notify,fálame sobre o novo correos
gl-es,email-skill.notify,fálame sobre o novo correo
gl-es,email-skill.notify,infórmame sobre os novos correos
gl-es,email-skill.notify,infórmame sobre os novos correo
gl-es,email-skill.notify,infórmame sobre os novo correos
gl-es,email-skill.notify,infórmame sobre os novo correo
gl-es,email-skill.notify,infórmame sobre o novos correos
gl-es,email-skill.notify,infórmame sobre o novos correo
gl-es,email-skill.notify,infórmame sobre o novo correos
gl-es,email-skill.notify,infórmame sobre o novo correo
gl-es,email-skill.notify,avísame sobre novos correos enviados por {sender}
gl-es,email-skill.notify,avísame sobre novos correos de {sender}
gl-es,email-skill.notify,avísame sobre correos enviados por {sender}
gl-es,email-skill.notify,avísame sobre correos de {sender}
gl-es,email-skill.notify,avísame sobre os novos correos enviados por {sender}
gl-es,email-skill.notify,avísame sobre os novos correos de {sender}
gl-es,email-skill.notify,avísame sobre os correos enviados por {sender}
gl-es,email-skill.notify,avísame sobre os correos de {sender}
gl-es,email-skill.notify,notifícame sobre novos correos enviados por {sender}
gl-es,email-skill.notify,notifícame sobre novos correos de {sender}
gl-es,email-skill.notify,notifícame sobre correos enviados por {sender}
gl-es,email-skill.notify,notifícame sobre correos de {sender}
gl-es,email-skill.notify,notifícame sobre os novos correos enviados por {sender}
gl-es,email-skill.notify,notifícame sobre os novos correos de {sender}
gl-es,email-skill.notify,notifícame sobre os correos enviados por {sender}
gl-es,email-skill.notify,notifícame sobre os correos de {sender}
gl-es,email-skill.notify,fálame cando eu reciba novos correos
gl-es,email-skill.notify,fálame cando eu reciba novos correo
gl-es,email-skill.notify,fálame cando eu reciba novo correos
gl-es,email-skill.notify,fálame cando eu reciba novo correo
gl-es,email-skill.notify,infórmame cando eu reciba novos correos
gl-es,email-skill.notify,infórmame cando eu reciba novos correo
gl-es,email-skill.notify,infórmame cando eu reciba novo correos
gl-es,email-skill.notify,infórmame cando eu reciba novo correo
gl-es,email-skill.notify,fálame sobre correos de {sender}
gl-es,email-skill.notify,fálame sobre correo de {sender}
gl-es,email-skill.notify,avísame sobre correos de {sender}
gl-es,email-skill.notify,avísame sobre correo de {sender}
gl-es,email-skill.notify,infórmame sobre correos de {sender}
gl-es,email-skill.notify,infórmame sobre correo de {sender}
gl-es,email-skill.stop,Non me avises sobre novos correos
gl-es,email-skill.stop,Non me avises sobre correos
gl-es,email-skill.stop,Non me avises sobre correo
gl-es,email-skill.stop,Non me notifiques sobre novos correos
gl-es,email-skill.stop,Non me notifiques sobre correos
gl-es,email-skill.stop,Non me notifiques sobre correo
gl-es,email-skill.stop,non me avises sobre novos correos ( de ) {sender}
gl-es,email-skill.stop,non me avises sobre correos ( de ) {sender}
gl-es,email-skill.stop,non me avises sobre correo ( de ) {sender}
gl-es,email-skill.stop,non me notifiques sobre novos correos ( de ) {sender}
gl-es,email-skill.stop,non me notifiques sobre correos ( de ) {sender}
gl-es,email-skill.stop,non me notifiques sobre correo ( de ) {sender}
gl-es,email-skill.stop,non me avises máis sobre novos correos
gl-es,email-skill.stop,non me avises máis sobre correos
gl-es,email-skill.stop,non me avises máis sobre correo
gl-es,email-skill.stop,non me notifiques máis sobre novos correos
gl-es,email-skill.stop,non me notifiques máis sobre correos
gl-es,email-skill.stop,non me notifiques máis sobre correo
gl-es,email-skill.stop,non me avises máis sobre novos correos ( de ) {sender}
gl-es,email-skill.stop,non me avises máis sobre correos ( de ) {sender}
gl-es,email-skill.stop,non me avises máis sobre correo ( de ) {sender}
gl-es,email-skill.stop,non me notifiques máis sobre novos correos ( de ) {sender}
gl-es,email-skill.stop,non me notifiques máis sobre correos ( de ) {sender}
gl-es,email-skill.stop,non me notifiques máis sobre correo ( de ) {sender}
gl-es,email-skill.stop,non me ( avises ) máis sobre novos correos
gl-es,email-skill.stop,non me ( avises ) máis sobre correos
gl-es,email-skill.stop,non me ( avises ) máis sobre correo
gl-es,email-skill.stop,non me ( avises ) máis sobre novos correos ( de ) {sender}
gl-es,email-skill.stop,non me ( avises ) máis sobre correos ( de ) {sender}
gl-es,email-skill.stop,non me ( avises ) máis sobre correo ( de ) {sender}
gl-es,email-skill.stop,non me ( avises ) máis sobre novos correos
gl-es,email-skill.stop,non me ( avises ) máis sobre correos
gl-es,email-skill.stop,non me ( avises ) máis sobre correo
gl-es,email-skill.stop,non me ( avises ) máis sobre novos correos ( de ) {sender}
gl-es,email-skill.stop,non me ( avises ) máis sobre correos ( de ) {sender}
gl-es,email-skill.stop,non me ( avises ) máis sobre correo ( de ) {sender}
gl-es,emby-skill.diagnostic,verificar a conexión emily
gl-es,emby-skill.diagnostic,verificar a conexión nv
gl-es,emby-skill.diagnostic,verificar a conexión mv
gl-es,emby-skill.diagnostic,verificar a conexión mb
gl-es,emby-skill.diagnostic,verificar a conexión emby
gl-es,emby-skill.diagnostic,executar diagnóstico emily
gl-es,emby-skill.diagnostic,executar diagnóstico nv
gl-es,emby-skill.diagnostic,executar diagnóstico mv
gl-es,emby-skill.diagnostic,executar diagnóstico mb
gl-es,emby-skill.diagnostic,executar diagnóstico emby
gl-es,emby-skill.diagnostic,verificar emily
gl-es,emby-skill.diagnostic,verificar nv
gl-es,emby-skill.diagnostic,verificar mv
gl-es,emby-skill.diagnostic,verificar mb
gl-es,emby-skill.diagnostic,verificar emby
gl-es,emby-skill.emby,tocar {media} proveniente do emby
gl-es,emby-skill.emby,tocar {media} proveniente do mb
gl-es,emby-skill.emby,tocando artista {artist} proveniente de emby
gl-es,emby-skill.emby,tocando artista {artist} proveniente do mb
gl-es,emby-skill.emby,tocando álbum {album} `proveniente de emby
gl-es,emby-skill.emby,tocar álbum{album} proveniente de mb